"Tract ID","STATE2KX","CNTY2KX","TRACT2KX","e(0)","se(e(0))","Abridged life table flag"
36005000200,36,005,000200,84.1,3.2118,3
36005000400,36,005,000400,79.9,1.2545,2
36005001600,36,005,001600,80.9,1.8034,3
36005002000,36,005,002000,80.3,2.5833,1
36005002300,36,005,002300,75,1.3207,3
36005002500,36,005,002500,72.9,1.3746,3
36005002701,36,005,002701,71.6,1.74,3
36005002702,36,005,002702,75.6,1.5453,2
36005002800,36,005,002800,78,1.3217,1
36005003100,36,005,003100,77.1,2.1819,2
36005003300,36,005,003300,77.5,2.9852,3
36005003500,36,005,003500,78.8,3.5915,3
36005003800,36,005,003800,74.1,3.5019,3
36005003900,36,005,003900,76.8,1.3407,2
36005004001,36,005,004001,85.3,3.5987,3
36005004100,36,005,004100,73.5,1.3528,3
36005004200,36,005,004200,75.4,1.3697,3
36005004300,36,005,004300,79,2.6594,3
36005004400,36,005,004400,73.9,1.4264,3
36005004600,36,005,004600,73.6,3.0846,3
36005004800,36,005,004800,80,2.2584,3
36005005001,36,005,005001,78.5,2.223,1
36005005002,36,005,005002,75.6,1.8264,2
36005005100,36,005,005100,74.4,1.3771,3
36005005200,36,005,005200,79.5,3.4118,3
36005005300,36,005,005300,72.2,1.9131,1
36005005400,36,005,005400,80,2.5018,3
36005005600,36,005,005600,75.6,0.9381,2
36005005902,36,005,005902,76.4,1.535,3
36005006000,36,005,006000,77.4,2.7494,2
36005006100,36,005,006100,84.1,2.2287,3
36005006200,36,005,006200,78.1,2.7842,1
36005006300,36,005,006300,76.8,1.2675,2
36005006400,36,005,006400,81.9,3.982,3
36005006500,36,005,006500,76.1,1.9936,3
36005006700,36,005,006700,78,2.5589,3
36005006800,36,005,006800,75.6,1.2627,2
36005006900,36,005,006900,76.8,1.2393,2
36005007000,36,005,007000,80.6,3.715,3
36005007100,36,005,007100,77,2.6384,3
36005007200,36,005,007200,84.3,3.1541,1
36005007300,36,005,007300,75.6,1.3431,2
36005007400,36,005,007400,78.6,2.5331,3
36005007500,36,005,007500,74.5,1.1711,3
36005007600,36,005,007600,81.3,2.4677,3
36005007700,36,005,007700,73.7,3.5823,3
36005007800,36,005,007800,75.6,1.4127,2
36005007900,36,005,007900,82.1,3.5458,3
36005008300,36,005,008300,77.8,2.0655,3
36005008400,36,005,008400,83.6,2.8616,3
36005008500,36,005,008500,77.7,2.5661,3
36005008600,36,005,008600,75.6,1.1033,2
36005008700,36,005,008700,79.3,2.305,1
36005008900,36,005,008900,79.8,2.3603,3
36005009000,36,005,009000,76.8,1.3241,2
36005009200,36,005,009200,80.2,2.0698,3
36005009300,36,005,009300,75.7,1.5442,3
36005009600,36,005,009600,75,1.5497,3
36005009800,36,005,009800,79,1.3371,2
36005011502,36,005,011502,75.6,1.3105,2
36005011700,36,005,011700,73.4,3.8235,3
36005011800,36,005,011800,79.8,1.5398,3
36005011900,36,005,011900,79.8,2.5284,3
36005012101,36,005,012101,76.5,2.1716,3
36005012102,36,005,012102,75.6,2.0389,2
36005012300,36,005,012300,77.2,1.6902,3
36005012500,36,005,012500,76.8,1.6616,2
36005012701,36,005,012701,76.3,2.451,3
36005012901,36,005,012901,78.1,3.3008,3
36005013000,36,005,013000,79.7,1.7373,2
36005013100,36,005,013100,73.8,1.6897,3
36005013200,36,005,013200,83.5,3.1252,3
36005013300,36,005,013300,79.9,2.6301,1
36005013500,36,005,013500,75.6,1.7243,2
36005013800,36,005,013800,81.9,2.5948,3
36005014100,36,005,014100,76.8,1.626,2
36005014300,36,005,014300,75.6,2.2785,2
36005014400,36,005,014400,75.6,1.5119,3
36005014500,36,005,014500,69.5,1.3651,3
36005014701,36,005,014701,75.1,3.4828,3
36005014702,36,005,014702,76.4,3.4103,1
36005014900,36,005,014900,72.9,1.5589,3
36005015100,36,005,015100,75.6,1.3864,2
36005015200,36,005,015200,82.2,1.9194,3
36005015300,36,005,015300,77.9,2.7172,3
36005015500,36,005,015500,75.6,1.3079,2
36005015700,36,005,015700,75.6,2.1922,2
36005015800,36,005,015800,70.7,1.6815,3
36005015900,36,005,015900,75.4,1.8188,3
36005016000,36,005,016000,81.8,1.6892,3
36005016100,36,005,016100,76.3,1.8311,3
36005016200,36,005,016200,81.4,0.9132,2
36005016400,36,005,016400,80.6,1.3363,2
36005016600,36,005,016600,80.5,2.3945,3
36005016900,36,005,016900,75.2,3.0008,3
36005017300,36,005,017300,78.1,3.0358,3
36005017500,36,005,017500,73,2.3994,3
36005017701,36,005,017701,70.3,1.7484,3
36005017702,36,005,017702,80.9,3.6085,3
36005017902,36,005,017902,77.8,3.3833,3
36005018101,36,005,018101,75.6,2.1533,2
36005018102,36,005,018102,76.8,1.0779,2
36005018301,36,005,018301,83.9,2.5886,3
36005018400,36,005,018400,80.8,1.8068,3
36005018500,36,005,018500,75.8,1.6799,1
36005018900,36,005,018900,75.7,1.7545,1
36005019300,36,005,019300,74.4,1.6794,3
36005019400,36,005,019400,78.8,1.349,2
36005019500,36,005,019500,76.8,1.2891,2
36005019700,36,005,019700,79.7,3.4059,1
36005019900,36,005,019900,75.6,1.8736,2
36005020000,36,005,020000,79.6,2.1205,3
36005020100,36,005,020100,75.6,1.3814,2
36005020200,36,005,020200,80.8,3.1063,3
36005020400,36,005,020400,79.8,2.7805,3
36005020501,36,005,020501,75.6,1.3094,2
36005020502,36,005,020502,79.8,3.1769,3
36005020601,36,005,020601,78.5,1.5202,2
36005020900,36,005,020900,74.6,1.8627,3
36005021001,36,005,021001,76.9,0.8641,3
36005021002,36,005,021002,79.9,1.4679,2
36005021100,36,005,021100,75.6,1.5323,2
36005021200,36,005,021200,79.7,2.0888,3
36005021301,36,005,021301,75.6,3.0542,2
36005021302,36,005,021302,74.7,1.3223,3
36005021502,36,005,021502,75.7,2.1104,3
36005021601,36,005,021601,82.8,3.5027,3
36005021602,36,005,021602,85,3.6693,3
36005021700,36,005,021700,75.6,1.4133,2
36005021800,36,005,021800,77.4,1.5374,3
36005021900,36,005,021900,76.8,1.9966,2
36005022000,36,005,022000,75.6,2.8617,2
36005022101,36,005,022101,78.5,3.519,3
36005022102,36,005,022102,76.3,1.922,2
36005022200,36,005,022200,80.2,2.8425,3
36005022300,36,005,022300,78.5,3.9021,3
36005022401,36,005,022401,81.2,2.2822,3
36005022403,36,005,022403,81.2,2.5722,3
36005022404,36,005,022404,80.1,2.3345,3
36005022500,36,005,022500,75.6,1.8782,1
36005022701,36,005,022701,80.2,3.1374,3
36005022703,36,005,022703,77.9,3.0074,2
36005022800,36,005,022800,78.6,1.3822,3
36005022901,36,005,022901,76.8,1.7242,2
36005022902,36,005,022902,76.2,3.3516,3
36005023000,36,005,023000,78.8,1.6982,2
36005023100,36,005,023100,76.8,2.3221,2
36005023200,36,005,023200,82.4,2.8461,3
36005023301,36,005,023301,75.6,1.964,2
36005023302,36,005,023302,81.6,3.9854,3
36005023501,36,005,023501,76.8,2.2769,2
36005023502,36,005,023502,81.3,2.1357,3
36005023600,36,005,023600,77.4,1.5865,2
36005023702,36,005,023702,69.4,3.3019,3
36005023703,36,005,023703,75.2,2.5669,3
36005023704,36,005,023704,76.8,2.6032,2
36005023800,36,005,023800,78.2,2.5164,3
36005023900,36,005,023900,81.7,3.3188,1
36005024000,36,005,024000,75.6,1.943,2
36005024100,36,005,024100,78,2.574,3
36005024300,36,005,024300,75.6,1.3909,2
36005024400,36,005,024400,81.8,2.9441,3
36005024501,36,005,024501,75.6,2.191,2
36005024502,36,005,024502,79,3.1665,3
36005024600,36,005,024600,84.8,2.73,3
36005024700,36,005,024700,78.3,2.6411,2
36005024800,36,005,024800,78.4,1.5819,3
36005025000,36,005,025000,82.7,2.5333,3
36005025100,36,005,025100,78.8,3.3435,3
36005025200,36,005,025200,80.1,1.8636,3
36005025300,36,005,025300,79.4,3.1427,3
36005025400,36,005,025400,78.7,0.876,2
36005025500,36,005,025500,75.6,1.6364,2
36005025600,36,005,025600,79.8,3.4547,3
36005025700,36,005,025700,76.8,1.9515,2
36005026100,36,005,026100,79.5,2.4094,3
36005026300,36,005,026300,72.4,1.207,3
36005026400,36,005,026400,81.8,1.8091,3
36005026500,36,005,026500,78.3,2.2895,1
36005026601,36,005,026601,79.7,1.5315,3
36005026602,36,005,026602,83.6,2.275,3
36005026701,36,005,026701,77.4,2.4744,2
36005026702,36,005,026702,80.7,2.7301,3
36005026900,36,005,026900,72.6,1.9594,3
36005027300,36,005,027300,85.1,3.2438,3
36005027401,36,005,027401,79.3,2.4426,3
36005027402,36,005,027402,82.5,1.673,3
36005027700,36,005,027700,76.3,1.3814,2
36005027900,36,005,027900,79.7,1.2148,3
36005028100,36,005,028100,78.7,1.2896,3
36005028300,36,005,028300,76.8,2.0552,2
36005028500,36,005,028500,82.6,2.2598,3
36005028600,36,005,028600,80.4,1.8001,2
36005028700,36,005,028700,82.4,2.3623,3
36005028800,36,005,028800,85.7,2.8079,3
36005028900,36,005,028900,79.8,1.3146,3
36005029301,36,005,029301,79.1,1.4648,3
36005029302,36,005,029302,83,1.2842,3
36005029500,36,005,029500,83.4,2.025,3
36005029600,36,005,029600,81.2,1.4036,2
36005029700,36,005,029700,75.3,1.2498,3
36005030000,36,005,030000,79.8,1.5581,3
36005030100,36,005,030100,76.9,1.6589,3
36005030200,36,005,030200,88.6,3.2369,3
36005030701,36,005,030701,81.9,1.3736,3
36005030900,36,005,030900,77.9,1.0395,3
36005031000,36,005,031000,75,1.0896,3
36005031200,36,005,031200,83,2.5995,3
36005031400,36,005,031400,79.3,1.4152,3
36005031600,36,005,031600,82.7,2.5753,3
36005031800,36,005,031800,79.9,1.6249,3
36005032300,36,005,032300,81.6,1.8449,3
36005032600,36,005,032600,77.6,2.807,3
36005032800,36,005,032800,81.6,2.806,1
36005033000,36,005,033000,85.3,3.291,3
36005033201,36,005,033201,81.5,1.5143,3
36005033202,36,005,033202,74.8,1.3572,3
36005033500,36,005,033500,84.2,2.0064,3
36005033600,36,005,033600,75.9,1.2922,1
36005033700,36,005,033700,82.9,2.041,3
36005033800,36,005,033800,76.8,1.5581,2
36005034000,36,005,034000,81.9,3.4817,3
36005034200,36,005,034200,79.2,1.6199,2
36005034300,36,005,034300,73.4,1.9647,3
36005034400,36,005,034400,79.9,1.7883,2
36005034500,36,005,034500,82.8,2.0812,3
36005034800,36,005,034800,80.7,1.9046,3
36005035000,36,005,035000,79,1.942,2
36005035100,36,005,035100,80.1,2.0561,3
36005035600,36,005,035600,77.6,1.2289,2
36005035800,36,005,035800,85.2,2.5629,3
36005035900,36,005,035900,75.6,2.8419,2
36005036000,36,005,036000,77.4,1.6855,3
36005036100,36,005,036100,75.4,1.9755,3
36005036300,36,005,036300,75.6,1.4233,2
36005036400,36,005,036400,77.8,2.3597,2
36005036501,36,005,036501,79.2,3.5005,3
36005036700,36,005,036700,75.6,1.7831,2
36005036800,36,005,036800,80.8,2.007,3
36005036901,36,005,036901,75.9,2.2334,3
36005036902,36,005,036902,75.6,1.6471,2
36005037000,36,005,037000,79,1.0962,2
36005037100,36,005,037100,78,2.7139,1
36005037200,36,005,037200,78.3,1.3282,2
36005037300,36,005,037300,76.9,1.5588,1
36005037400,36,005,037400,74,1.7697,3
36005037504,36,005,037504,75.6,1.6703,2
36005037600,36,005,037600,77.6,2.2881,3
36005037800,36,005,037800,76.5,1.8517,3
36005037900,36,005,037900,75.4,3.8232,3
36005038000,36,005,038000,76.9,1.804,3
36005038100,36,005,038100,82,2.6406,3
36005038200,36,005,038200,76.7,1.392,2
36005038301,36,005,038301,75.6,2.3233,2
36005038302,36,005,038302,75.6,1.4268,2
36005038500,36,005,038500,77.1,2.5535,3
36005038600,36,005,038600,82.2,2.2982,3
36005038700,36,005,038700,72.1,3.8471,3
36005038800,36,005,038800,78.1,1.7352,3
36005038900,36,005,038900,76.5,2.0627,3
36005039000,36,005,039000,81.4,3.9455,3
36005039100,36,005,039100,75.5,2.22,3
36005039300,36,005,039300,75.2,1.2899,1
36005039400,36,005,039400,77,1.5385,1
36005039500,36,005,039500,74.9,2.7265,3
36005039600,36,005,039600,86,3.9502,3
36005039700,36,005,039700,74.9,1.7644,3
36005039800,36,005,039800,79.3,3.1174,3
36005039901,36,005,039901,75.6,1.5204,2
36005039902,36,005,039902,79,2.3143,3
36005040100,36,005,040100,79,2.5694,3
36005040302,36,005,040302,76.3,1.6156,2
36005040303,36,005,040303,79.9,3.5518,3
36005040304,36,005,040304,80.1,3.157,3
36005040400,36,005,040400,81.9,2.7249,3
36005040501,36,005,040501,83.1,3.2332,3
36005040502,36,005,040502,76,3.0237,3
36005040600,36,005,040600,83.8,3.6023,3
36005040701,36,005,040701,76.8,2.7386,3
36005040702,36,005,040702,75.6,1.4046,2
36005040800,36,005,040800,76.8,1.4353,2
36005040900,36,005,040900,77.6,1.9971,3
36005041100,36,005,041100,77.9,2.6599,3
36005041300,36,005,041300,80.5,1.9032,3
36005041400,36,005,041400,82.6,2.2548,3
36005041500,36,005,041500,78.7,2.3305,3
36005041800,36,005,041800,76.8,1.6144,2
36005041900,36,005,041900,77.9,1.7069,2
36005042000,36,005,042000,79.9,2.6692,3
36005042100,36,005,042100,77.9,1.5175,2
36005042200,36,005,042200,83.8,3.1107,3
36005042300,36,005,042300,76.8,1.2205,2
36005042400,36,005,042400,78.1,2.2032,3
36005042500,36,005,042500,75.6,2.4839,3
36005042600,36,005,042600,81.5,2.2301,3
36005042800,36,005,042800,84.1,3.4202,3
36005042901,36,005,042901,76.8,1.8663,2
36005042902,36,005,042902,76.2,1.6887,3
36005043000,36,005,043000,77.8,1.972,2
36005043100,36,005,043100,75.3,1.0341,1
36005043400,36,005,043400,81.4,1.9821,3
36005043600,36,005,043600,79.6,2.8953,3
36005044200,36,005,044200,76.8,1.4302,2
36005044400,36,005,044400,81.6,3.0123,3
36005044800,36,005,044800,79.8,1.2892,2
36005044901,36,005,044901,80.2,2.6901,3
36005044902,36,005,044902,79.8,2.2441,3
36005045101,36,005,045101,81,2.2289,3
36005045102,36,005,045102,77.7,1.5993,3
36005045800,36,005,045800,73.2,1.7074,3
36005046000,36,005,046000,70.9,1.5236,3
36005046201,36,005,046201,81.4,0.9574,1
36005046202,36,005,046202,78.5,1.2794,1
36005048400,36,005,048400,82.2,2.9859,3
36005051600,36,005,051600,79.6,1.444,3
36047000100,36,047,000100,82.3,1.6793,3
36047000200,36,047,000200,76.3,2.3684,2
36047000301,36,047,000301,89.1,3.6336,3
36047000501,36,047,000501,84.2,2.13,3
36047000502,36,047,000502,80.2,1.3811,3
36047000700,36,047,000700,85.9,3.413,3
36047000900,36,047,000900,86.6,3.7705,3
36047001300,36,047,001300,82.8,2.1551,3
36047001500,36,047,001500,81.5,3.4262,3
36047002000,36,047,002000,80.1,3.4641,3
36047002100,36,047,002100,81.6,3.6401,2
36047002200,36,047,002200,80.3,1.3719,3
36047002300,36,047,002300,74.8,2.1171,3
36047002901,36,047,002901,74.4,2.6731,3
36047003000,36,047,003000,78.8,1.6143,3
36047003100,36,047,003100,81.1,1.5928,3
36047003300,36,047,003300,81.2,2.4044,2
36047003400,36,047,003400,83.4,2.3358,3
36047003500,36,047,003500,81.2,2.4894,2
36047003600,36,047,003600,79.9,1.4061,3
36047003800,36,047,003800,81.6,1.9662,3
36047003900,36,047,003900,81.2,2.0526,2
36047004100,36,047,004100,77.8,1.4762,3
36047004300,36,047,004300,77.8,2.3491,3
36047004400,36,047,004400,82.6,1.9597,3
36047004500,36,047,004500,83.2,3.2707,3
36047004600,36,047,004600,82.6,1.3073,2
36047004900,36,047,004900,78.4,1.7698,3
36047005000,36,047,005000,80.9,1.3966,3
36047005100,36,047,005100,82.6,2.3593,2
36047005201,36,047,005201,79.7,1.6859,3
36047005202,36,047,005202,78.1,1.4037,3
36047005300,36,047,005300,78.2,2.9631,3
36047005400,36,047,005400,82.5,1.8241,3
36047005601,36,047,005601,80.4,2.3416,3
36047005602,36,047,005602,81.7,1.1785,2
36047005800,36,047,005800,78.7,2.1607,3
36047005900,36,047,005900,73.4,3.7315,3
36047006000,36,047,006000,81.3,2.5394,3
36047006200,36,047,006200,80.5,2.1262,3
36047006300,36,047,006300,83,2.9615,3
36047006400,36,047,006400,80.5,1.5908,3
36047006500,36,047,006500,82.1,2.1768,3
36047006600,36,047,006600,82.6,2.8089,3
36047006700,36,047,006700,85.2,2.9013,3
36047006800,36,047,006800,81.6,1.6225,3
36047006900,36,047,006900,82.7,2.5765,3
36047007000,36,047,007000,84.5,3.1536,3
36047007100,36,047,007100,77.4,1.7061,3
36047007200,36,047,007200,81.1,2.6527,3
36047007400,36,047,007400,82.9,3.4813,3
36047007500,36,047,007500,82.6,1.6492,3
36047007600,36,047,007600,78.8,1.5535,2
36047007700,36,047,007700,81.8,1.484,2
36047007800,36,047,007800,81.5,3.4593,3
36047008000,36,047,008000,77.7,1.8307,3
36047008200,36,047,008200,83.3,2.9772,3
36047008400,36,047,008400,77.7,1.7418,2
36047008500,36,047,008500,73.4,1.9667,3
36047008800,36,047,008800,79.1,1.918,2
36047009000,36,047,009000,80.8,2.7203,3
36047009200,36,047,009200,80.4,2.0039,3
36047009400,36,047,009400,83.3,2.6417,3
36047009600,36,047,009600,82.7,2.181,3
36047009800,36,047,009800,83,2.8465,3
36047010000,36,047,010000,83.4,3.0651,1
36047010100,36,047,010100,82.9,3.9978,3
36047010200,36,047,010200,85.1,3.2224,1
36047010400,36,047,010400,76.6,1.0798,2
36047010600,36,047,010600,82.1,1.825,3
36047010800,36,047,010800,78.5,1.5792,3
36047011000,36,047,011000,80.3,2.5764,3
36047011200,36,047,011200,84,1.7994,1
36047011400,36,047,011400,81.2,2.0925,3
36047011600,36,047,011600,81.6,1.9037,1
36047011700,36,047,011700,81.2,1.7295,2
36047011800,36,047,011800,79.6,2.4772,3
36047011900,36,047,011900,82.6,2.4636,2
36047012000,36,047,012000,76,2.3444,2
36047012100,36,047,012100,81.3,2.7679,3
36047012200,36,047,012200,82.8,2.666,3
36047012600,36,047,012600,78.9,1.3754,3
36047012700,36,047,012700,74.8,1.7695,3
36047012801,36,047,012801,79.7,1.5109,3
36047012901,36,047,012901,81.7,2.212,2
36047012902,36,047,012902,78.5,2.2013,3
36047013000,36,047,013000,79.8,1.3538,3
36047013100,36,047,013100,82.2,2.1362,2
36047013200,36,047,013200,80.8,2.1791,3
36047013300,36,047,013300,81.9,1.7994,3
36047013400,36,047,013400,80.3,1.322,3
36047013500,36,047,013500,80.8,2.622,3
36047013600,36,047,013600,79.8,1.8625,3
36047013700,36,047,013700,81.6,1.2558,2
36047013800,36,047,013800,83.6,2.4938,3
36047013900,36,047,013900,78.8,1.4588,3
36047014000,36,047,014000,79.6,2.2553,3
36047014100,36,047,014100,79.9,2.1745,3
36047014200,36,047,014200,81.3,2.5894,3
36047014300,36,047,014300,81.7,2.1487,2
36047014500,36,047,014500,81.7,2.004,2
36047014700,36,047,014700,82.6,1.7405,2
36047014800,36,047,014800,80.9,1.6055,2
36047014900,36,047,014900,82.6,1.8876,2
36047015000,36,047,015000,86.2,3.2815,3
36047015100,36,047,015100,82.9,2.5604,3
36047015200,36,047,015200,80.8,1.2608,3
36047015300,36,047,015300,82.2,1.5433,3
36047015500,36,047,015500,85.7,3.8842,3
36047015700,36,047,015700,85.3,3.8424,3
36047015900,36,047,015900,82.7,2.1686,3
36047016000,36,047,016000,83.4,2.2891,3
36047016100,36,047,016100,83.3,2.7491,3
36047016200,36,047,016200,81,2.2715,3
36047016300,36,047,016300,72.7,1.8444,3
36047016500,36,047,016500,81.6,1.4169,2
36047016600,36,047,016600,81,1.4663,3
36047016700,36,047,016700,84.1,2.0991,3
36047016800,36,047,016800,85,2.5032,3
36047016900,36,047,016900,80.3,1.3468,3
36047017000,36,047,017000,83.2,1.6369,3
36047017100,36,047,017100,84.5,2.4295,3
36047017200,36,047,017200,82.4,1.4591,3
36047017400,36,047,017400,80.3,1.1891,2
36047017600,36,047,017600,82.8,2.5812,3
36047017800,36,047,017800,79.2,1.6282,3
36047017900,36,047,017900,79.8,1.703,3
36047018000,36,047,018000,82.1,1.9146,3
36047018100,36,047,018100,81.5,3.2952,3
36047018200,36,047,018200,77.2,1.6831,2
36047018300,36,047,018300,78.2,2.9005,3
36047018400,36,047,018400,81.5,1.4407,3
36047018501,36,047,018501,72.8,1.3252,3
36047018600,36,047,018600,82.3,1.6855,3
36047018700,36,047,018700,82.2,2.5489,2
36047018800,36,047,018800,81.6,2,3
36047019000,36,047,019000,83.8,2.5642,3
36047019100,36,047,019100,78.3,3.8929,3
36047019200,36,047,019200,78.3,1.1847,2
36047019300,36,047,019300,80.2,1.7036,3
36047019400,36,047,019400,82.2,1.6387,3
36047019500,36,047,019500,81.2,1.6749,2
36047019600,36,047,019600,78.8,1.3969,3
36047019700,36,047,019700,82.7,3.0738,3
36047019800,36,047,019800,81.7,1.1864,2
36047019900,36,047,019900,79.9,1.8435,3
36047020000,36,047,020000,78.7,1.1551,2
36047020100,36,047,020100,81.2,1.8101,2
36047020200,36,047,020200,82.4,2.2672,3
36047020400,36,047,020400,83.1,1.9102,3
36047020500,36,047,020500,81.2,1.7033,2
36047020600,36,047,020600,83,1.6239,3
36047020700,36,047,020700,79,1.8002,3
36047020800,36,047,020800,85.7,2.9745,3
36047021000,36,047,021000,89.5,3.1697,3
36047021100,36,047,021100,79.2,2.0162,2
36047021200,36,047,021200,88.1,3.5735,3
36047021300,36,047,021300,77.3,1.5553,3
36047021400,36,047,021400,84,3.9725,3
36047021500,36,047,021500,82.3,3.6053,3
36047021600,36,047,021600,84.1,1.9968,3
36047021700,36,047,021700,86.2,3.4818,3
36047021800,36,047,021800,83.8,2.2143,3
36047021900,36,047,021900,79.7,1.9257,3
36047022000,36,047,022000,81.8,1.4932,3
36047022100,36,047,022100,78.6,1.4524,2
36047022200,36,047,022200,82.5,1.925,3
36047022400,36,047,022400,80.4,2.3988,3
36047022600,36,047,022600,82.1,3.2988,3
36047022700,36,047,022700,79.6,1.4712,2
36047022800,36,047,022800,76.2,1.5095,2
36047022900,36,047,022900,79.2,3.0022,3
36047023000,36,047,023000,79.3,2.1123,3
36047023100,36,047,023100,80.1,2.6684,3
36047023200,36,047,023200,85.6,2.5555,3
36047023300,36,047,023300,72.7,1.3182,3
36047023400,36,047,023400,85,1.9831,3
36047023500,36,047,023500,79.8,2.6587,2
36047023600,36,047,023600,81.7,1.4663,3
36047023800,36,047,023800,87,2.3559,3
36047024000,36,047,024000,80.5,1.6301,3
36047024100,36,047,024100,77.4,2.3954,3
36047024200,36,047,024200,91.9,3.5398,3
36047024300,36,047,024300,82.1,3.4441,3
36047024400,36,047,024400,81.7,1.7481,3
36047024500,36,047,024500,79.7,3.0513,3
36047024600,36,047,024600,81.8,2.1077,3
36047024700,36,047,024700,74.1,2.3091,3
36047024800,36,047,024800,82.4,2.1331,3
36047024900,36,047,024900,79.6,1.5269,2
36047025000,36,047,025000,78.7,1.4643,2
36047025100,36,047,025100,78.1,2.1775,3
36047025200,36,047,025200,83.1,1.9802,3
36047025300,36,047,025300,78.6,3.6569,3
36047025400,36,047,025400,88.5,3.2604,3
36047025500,36,047,025500,73.9,1.3568,3
36047025600,36,047,025600,85.6,2.9822,3
36047025700,36,047,025700,79.2,2.514,2
36047025800,36,047,025800,84.3,2.6493,3
36047025902,36,047,025902,75.6,2.1961,2
36047026000,36,047,026000,83,2.1233,3
36047026100,36,047,026100,75.4,1.6459,3
36047026200,36,047,026200,82.6,2.103,3
36047026300,36,047,026300,77.8,1.6457,2
36047026400,36,047,026400,83.9,2.4139,3
36047026500,36,047,026500,76.4,2.309,2
36047026600,36,047,026600,84.3,2.7438,3
36047026700,36,047,026700,75.4,1.6211,3
36047026800,36,047,026800,78.7,1.25,2
36047026900,36,047,026900,80.7,3.6799,3
36047027000,36,047,027000,85.9,2.4824,3
36047027100,36,047,027100,71.6,1.8513,3
36047027200,36,047,027200,79,1.4379,3
36047027300,36,047,027300,77.7,2.2631,3
36047027400,36,047,027400,85,2.505,3
36047027500,36,047,027500,82.1,2.8475,3
36047027600,36,047,027600,81.2,1.8839,3
36047027700,36,047,027700,75,2.0467,3
36047027800,36,047,027800,80,1.9953,3
36047027900,36,047,027900,78.3,2.2719,3
36047028000,36,047,028000,81.7,2.2736,3
36047028100,36,047,028100,74.7,2.9535,3
36047028200,36,047,028200,83,2.3364,3
36047028300,36,047,028300,75.6,1.8364,2
36047028400,36,047,028400,82,1.6936,3
36047028502,36,047,028502,75.6,1.3939,2
36047028600,36,047,028600,78.4,1.7302,3
36047028700,36,047,028700,79.3,3.149,3
36047028800,36,047,028800,81.5,2.4742,3
36047028900,36,047,028900,72.4,1.8155,3
36047029000,36,047,029000,83.1,1.4297,3
36047029100,36,047,029100,76.7,1.6915,2
36047029200,36,047,029200,80.8,2.0067,3
36047029300,36,047,029300,76.8,2.2765,3
36047029400,36,047,029400,77.2,2.0379,3
36047029500,36,047,029500,81.3,3.0224,3
36047029600,36,047,029600,82.1,1.8386,3
36047029700,36,047,029700,80,2.3313,3
36047029800,36,047,029800,82.6,3.2114,3
36047029900,36,047,029900,75.2,2.3986,3
36047030000,36,047,030000,84.1,2.0541,3
36047030100,36,047,030100,75.5,1.7702,2
36047030200,36,047,030200,84.6,2.0751,3
36047030300,36,047,030300,79.1,3.268,1
36047030400,36,047,030400,82.9,1.6232,3
36047030500,36,047,030500,79.6,1.3181,2
36047030600,36,047,030600,80.4,2.0357,3
36047030700,36,047,030700,73.7,2.2717,3
36047030800,36,047,030800,75.2,1.5288,3
36047030900,36,047,030900,73.8,3.2326,2
36047031100,36,047,031100,77.8,1.8551,2
36047031300,36,047,031300,80.2,2.9138,3
36047031400,36,047,031400,81.5,1.8316,3
36047031500,36,047,031500,78.1,2.1475,1
36047031701,36,047,031701,75.2,2.539,3
36047031702,36,047,031702,84.4,3.4645,3
36047031900,36,047,031900,81.4,2.22,3
36047032100,36,047,032100,81.1,2.7768,3
36047032300,36,047,032300,79.2,2.4751,3
36047032500,36,047,032500,76.7,1.2792,2
36047032600,36,047,032600,77.3,2.2054,3
36047032700,36,047,032700,77.8,1.4274,2
36047032800,36,047,032800,75.6,1.5599,3
36047032900,36,047,032900,80.4,2.0905,3
36047033000,36,047,033000,79.3,3.0595,3
36047033100,36,047,033100,81.8,2.3668,3
36047033300,36,047,033300,83.1,2.3947,3
36047033500,36,047,033500,82.3,2.3724,3
36047033600,36,047,033600,79.9,1.5728,3
36047033700,36,047,033700,82.3,2.7687,3
36047033900,36,047,033900,77.1,1.7443,3
36047034000,36,047,034000,74.7,3.1109,3
36047034100,36,047,034100,75.1,1.85,3
36047034200,36,047,034200,71.6,1.379,1
36047034300,36,047,034300,76.8,1.0578,2
36047034500,36,047,034500,80.9,2.6477,3
36047034700,36,047,034700,75.3,2.7462,3
36047034900,36,047,034900,79.5,2.0598,3
36047035000,36,047,035000,82.7,2.1464,3
36047035100,36,047,035100,79.8,2.9063,3
36047035300,36,047,035300,79.6,2.4792,3
36047035400,36,047,035400,81.8,0.9773,3
36047035500,36,047,035500,76.7,1.4715,2
36047035602,36,047,035602,80.5,1.2781,3
36047035700,36,047,035700,73.8,1.39,2
36047035900,36,047,035900,75.6,1.7962,1
36047036001,36,047,036001,82.3,1.3388,3
36047036002,36,047,036002,77.9,1.3561,3
36047036100,36,047,036100,72.9,2.5604,3
36047036200,36,047,036200,77,1.7385,3
36047036300,36,047,036300,77,1.6411,3
36047036400,36,047,036400,85.6,2.8611,3
36047036501,36,047,036501,71.4,1.8248,3
36047036502,36,047,036502,77.1,2.5543,2
36047036600,36,047,036600,78,1.3022,3
36047036900,36,047,036900,72.7,1.607,3
36047037000,36,047,037000,80.9,1.2476,3
36047037100,36,047,037100,74.6,1.7738,3
36047037300,36,047,037300,73.1,1.5037,3
36047037401,36,047,037401,81.6,1.3096,3
36047037402,36,047,037402,84.2,2.4686,3
36047037500,36,047,037500,75.1,2.1652,3
36047037700,36,047,037700,77.8,1.1335,2
36047037900,36,047,037900,74.2,3.1101,1
36047038100,36,047,038100,77.3,2.093,1
36047038200,36,047,038200,81.4,2.7323,1
36047038300,36,047,038300,79.9,1.83,3
36047038500,36,047,038500,76,1.3889,3
36047038600,36,047,038600,81.5,2.1874,3
36047038700,36,047,038700,76.8,1.6,2
36047038800,36,047,038800,84.7,2.5793,3
36047038900,36,047,038900,79.8,2.8006,2
36047039000,36,047,039000,82.6,1.5934,3
36047039100,36,047,039100,80.5,2.5871,3
36047039200,36,047,039200,80.5,1.7458,3
36047039300,36,047,039300,79.2,2.3769,2
36047039400,36,047,039400,79.8,2.0609,3
36047039500,36,047,039500,76.8,1.2465,2
36047039600,36,047,039600,79.8,1.5206,3
36047039700,36,047,039700,76.8,1.7429,2
36047039800,36,047,039800,86.9,3.2091,3
36047039900,36,047,039900,76.1,1.7529,1
36047040000,36,047,040000,81.4,1.6913,3
36047040100,36,047,040100,77,1.3671,3
36047040200,36,047,040200,86,2.8342,3
36047040300,36,047,040300,76.8,1.6862,2
36047040400,36,047,040400,82.3,3.0262,3
36047040500,36,047,040500,76.5,2.2595,3
36047040800,36,047,040800,81.5,1.5193,3
36047040900,36,047,040900,76.5,2.8928,3
36047041000,36,047,041000,80.4,1.7164,3
36047041100,36,047,041100,80.3,2.7786,3
36047041200,36,047,041200,80.8,1.7462,3
36047041300,36,047,041300,80.4,2.4115,3
36047041401,36,047,041401,84.1,3.5707,3
36047041402,36,047,041402,80.3,1.918,3
36047041500,36,047,041500,74.7,2.0122,3
36047041600,36,047,041600,86.9,3.4406,3
36047041700,36,047,041700,79.3,2.5705,3
36047041800,36,047,041800,80.6,1.6237,3
36047041900,36,047,041900,77.4,2.5733,3
36047042000,36,047,042000,82.7,2.4788,3
36047042100,36,047,042100,76.8,1.5873,2
36047042200,36,047,042200,81,1.4662,3
36047042300,36,047,042300,77.4,1.2131,2
36047042400,36,047,042400,83.9,2.8563,3
36047042600,36,047,042600,86.5,2.8937,3
36047042700,36,047,042700,77.4,3.0337,2
36047042800,36,047,042800,85.2,2.196,3
36047042900,36,047,042900,76.4,2.5233,3
36047043000,36,047,043000,80.6,2.1203,3
36047043100,36,047,043100,80.2,3.8989,3
36047043200,36,047,043200,88,2.3927,3
36047043300,36,047,043300,77.4,1.4823,2
36047043400,36,047,043400,81.3,1.8402,3
36047043500,36,047,043500,84.1,3.6733,3
36047043600,36,047,043600,84.9,2.2445,3
36047043700,36,047,043700,82.4,3.6506,3
36047043800,36,047,043800,80.1,1.0863,3
36047043900,36,047,043900,84.1,3.4023,3
36047044000,36,047,044000,82.7,1.6504,3
36047044100,36,047,044100,84.3,2.3611,3
36047044200,36,047,044200,84.8,1.8713,3
36047044300,36,047,044300,78.3,1.8754,3
36047044400,36,047,044400,82.1,1.6783,3
36047044500,36,047,044500,78.8,1.4083,2
36047044600,36,047,044600,80.9,1.0756,2
36047044700,36,047,044700,81.2,2.9233,2
36047044800,36,047,044800,82,1.9368,3
36047044900,36,047,044900,78.2,2.2934,3
36047045200,36,047,045200,84.3,1.7475,3
36047045400,36,047,045400,80.1,2.1131,3
36047045600,36,047,045600,84.4,2.4383,3
36047045800,36,047,045800,85.6,2.9407,3
36047046000,36,047,046000,82,1.3089,3
36047046201,36,047,046201,87.1,2.5629,3
36047046202,36,047,046202,81.2,1.1616,2
36047046400,36,047,046400,82.8,3.152,3
36047046800,36,047,046800,79.6,2.8151,3
36047047000,36,047,047000,88.2,2.6814,3
36047047200,36,047,047200,84.2,2.1334,3
36047047400,36,047,047400,81.2,1.5614,3
36047047600,36,047,047600,81.8,1.4257,3
36047047700,36,047,047700,82,3.0356,3
36047047800,36,047,047800,83.6,3.0361,3
36047048000,36,047,048000,82.1,2.4247,3
36047048100,36,047,048100,82.1,2.8932,3
36047048200,36,047,048200,80.5,1.566,3
36047048400,36,047,048400,80.4,1.6005,3
36047048500,36,047,048500,75.2,3.1714,3
36047048600,36,047,048600,79.4,1.7723,3
36047048800,36,047,048800,82.5,1.8299,3
36047048900,36,047,048900,77.2,3.0893,3
36047049000,36,047,049000,78.8,1.6654,3
36047049100,36,047,049100,81.9,1.6826,3
36047049200,36,047,049200,79.8,1.5851,2
36047049300,36,047,049300,77.6,1.9033,3
36047049400,36,047,049400,79,1.042,3
36047049500,36,047,049500,78.1,2.6898,3
36047049600,36,047,049600,80.8,1.5866,3
36047049700,36,047,049700,80.2,2.5237,3
36047049800,36,047,049800,86.3,2.3941,3
36047049900,36,047,049900,77.4,2.3639,3
36047050000,36,047,050000,81.7,1.6318,3
36047050100,36,047,050100,83,2.525,3
36047050202,36,047,050202,81.3,2.6114,3
36047050300,36,047,050300,80.9,2.6735,3
36047050400,36,047,050400,81.6,1.7798,2
36047050500,36,047,050500,77.9,1.3457,2
36047050600,36,047,050600,80.8,2.4011,3
36047050801,36,047,050801,76.4,1.9967,3
36047050803,36,047,050803,75.2,2.0237,2
36047050804,36,047,050804,79.2,2.0285,2
36047051001,36,047,051001,76.5,1.6112,3
36047051002,36,047,051002,78.3,1.5138,2
36047051100,36,047,051100,78.9,1.9228,3
36047051200,36,047,051200,81.6,3.9707,3
36047051300,36,047,051300,80.4,1.7638,2
36047051400,36,047,051400,78.3,1.4114,3
36047051500,36,047,051500,77.2,3.0431,3
36047051601,36,047,051601,76.8,1.4612,2
36047051602,36,047,051602,75.4,1.8695,3
36047051700,36,047,051700,82.6,2.8828,2
36047051800,36,047,051800,82.4,2.4037,3
36047051900,36,047,051900,81.8,1.9507,2
36047052000,36,047,052000,84.3,2.3667,3
36047052300,36,047,052300,82.2,3.1958,3
36047052500,36,047,052500,82.1,2.4951,3
36047052600,36,047,052600,78.5,1.2347,3
36047052700,36,047,052700,78.8,2.5426,3
36047052800,36,047,052800,81.6,1.129,2
36047052900,36,047,052900,77.2,1.7163,2
36047053000,36,047,053000,80.8,2.2932,3
36047053100,36,047,053100,83,3.7468,3
36047053200,36,047,053200,80.7,1.1143,2
36047053300,36,047,053300,83.2,2.1697,3
36047053400,36,047,053400,78,1.1647,3
36047053500,36,047,053500,80.7,2.0617,3
36047053700,36,047,053700,73.9,2.1992,3
36047053800,36,047,053800,84,1.7643,3
36047053900,36,047,053900,74.5,1.1033,2
36047054200,36,047,054200,84.3,1.907,3
36047054400,36,047,054400,86.6,2.304,3
36047054500,36,047,054500,79,1.7049,3
36047054600,36,047,054600,81.2,1.5149,3
36047054700,36,047,054700,77,3.2832,2
36047054800,36,047,054800,88.6,3.5871,3
36047055000,36,047,055000,80.7,1.6555,3
36047055100,36,047,055100,81.7,3.3815,2
36047055200,36,047,055200,81.5,1.4402,3
36047055300,36,047,055300,79.1,2.1223,3
36047055400,36,047,055400,82.2,1.55,3
36047055600,36,047,055600,81.3,1.54,3
36047055700,36,047,055700,81,2.4589,3
36047055800,36,047,055800,81,1.8167,3
36047056000,36,047,056000,79.9,1.2601,3
36047056100,36,047,056100,78.3,1.8921,3
36047056200,36,047,056200,81.1,2.4091,2
36047056300,36,047,056300,83.9,3.2967,3
36047056400,36,047,056400,79.3,1.3892,3
36047056500,36,047,056500,83,3.8034,3
36047056600,36,047,056600,81.1,1.4446,3
36047056800,36,047,056800,82.5,2.1901,3
36047056900,36,047,056900,82.6,1.7709,2
36047057000,36,047,057000,80.8,1.0592,3
36047057100,36,047,057100,77.7,1.7176,3
36047057200,36,047,057200,76.8,1.2265,2
36047057300,36,047,057300,80.3,3.1361,3
36047057400,36,047,057400,82.2,1.6831,3
36047057500,36,047,057500,77.6,2.3712,3
36047057600,36,047,057600,86.7,2.8075,3
36047057800,36,047,057800,85.4,3.2843,3
36047058000,36,047,058000,81.7,1.6727,3
36047058200,36,047,058200,77.9,1.864,3
36047058400,36,047,058400,80.2,1.7205,3
36047058600,36,047,058600,87.9,3.6231,3
36047058800,36,047,058800,82.9,1.7855,3
36047058900,36,047,058900,82.5,3.2162,3
36047059000,36,047,059000,80.3,1.5765,3
36047059100,36,047,059100,78.8,1.5453,3
36047059200,36,047,059200,78.9,0.7804,2
36047059300,36,047,059300,79.7,2.5595,3
36047059401,36,047,059401,79.8,1.2618,3
36047059402,36,047,059402,81.5,0.7952,2
36047059600,36,047,059600,78.5,1.8896,3
36047059800,36,047,059800,79.7,1.6291,3
36047060000,36,047,060000,84.4,1.8915,3
36047060600,36,047,060600,82,1.8955,3
36047060800,36,047,060800,77.6,1.0556,3
36047061002,36,047,061002,81.4,2.0288,3
36047061003,36,047,061003,80.6,1.8436,2
36047061004,36,047,061004,81.8,1.2428,3
36047061200,36,047,061200,81.1,1.4368,2
36047061600,36,047,061600,80.1,1.9497,3
36047062000,36,047,062000,84.7,2.0731,3
36047062200,36,047,062200,78.1,1.7724,3
36047062600,36,047,062600,77.8,1.5839,3
36047062800,36,047,062800,78.8,1.6544,3
36047063600,36,047,063600,82.6,1.2739,2
36047063800,36,047,063800,82.7,2.0555,3
36047064000,36,047,064000,85.6,2.5359,3
36047064200,36,047,064200,87,2.7806,3
36047064400,36,047,064400,82.8,3.0834,3
36047064600,36,047,064600,83.5,3.9362,3
36047064800,36,047,064800,78.6,1.6274,2
36047065200,36,047,065200,83.3,3.3829,3
36047065400,36,047,065400,80.9,1.307,2
36047065600,36,047,065600,79.5,1.3651,3
36047065800,36,047,065800,85.6,2.8836,3
36047066000,36,047,066000,82,2.144,3
36047066200,36,047,066200,82.9,2.1005,3
36047067000,36,047,067000,80.4,2.025,3
36047067200,36,047,067200,78.5,3.4682,3
36047067400,36,047,067400,79.8,1.418,2
36047067600,36,047,067600,78.6,1.3892,2
36047067800,36,047,067800,82.1,2.3643,3
36047068000,36,047,068000,78.9,2.0435,3
36047068200,36,047,068200,83.5,2.7989,3
36047068600,36,047,068600,80.9,1.9931,3
36047068800,36,047,068800,80.3,2.85,3
36047069000,36,047,069000,78.6,2.0864,2
36047069200,36,047,069200,79.8,1.7928,2
36047069601,36,047,069601,84.6,2.9444,3
36047069602,36,047,069602,87.2,3.8036,3
36047069800,36,047,069800,76.8,1.7627,3
36047070000,36,047,070000,80.8,2.4829,3
36047070201,36,047,070201,85.3,1.9162,3
36047070600,36,047,070600,82.7,1.7474,3
36047072000,36,047,072000,78.1,1.3562,2
36047072200,36,047,072200,86.6,3.3942,3
36047072400,36,047,072400,79.3,1.6132,2
36047072600,36,047,072600,79.8,2.4358,2
36047072800,36,047,072800,78.6,1.0009,2
36047073000,36,047,073000,83.9,2.873,3
36047073200,36,047,073200,78.6,1.1832,2
36047073400,36,047,073400,79.8,1.4888,2
36047073600,36,047,073600,77.7,1.9577,1
36047073800,36,047,073800,79.6,1.873,3
36047074000,36,047,074000,77.8,1.294,2
36047074200,36,047,074200,85.2,3.4048,3
36047074400,36,047,074400,82.7,2.1981,3
36047074600,36,047,074600,86.7,3.9948,3
36047074800,36,047,074800,82.2,3.0271,3
36047075000,36,047,075000,82.3,1.7997,3
36047075200,36,047,075200,86.2,3.2625,3
36047075400,36,047,075400,79.6,2.2379,3
36047075600,36,047,075600,81.4,1.7819,3
36047075800,36,047,075800,81.5,1.1188,2
36047076000,36,047,076000,79.1,1.482,3
36047076200,36,047,076200,84.8,2.0163,3
36047076400,36,047,076400,89.2,3.903,3
36047076600,36,047,076600,77.8,1.48,2
36047076800,36,047,076800,82.7,1.6886,3
36047077000,36,047,077000,77.8,1.6862,2
36047077200,36,047,077200,80.3,1.2912,2
36047077400,36,047,077400,78.7,2.535,3
36047077600,36,047,077600,82.3,2.2789,3
36047078000,36,047,078000,81.5,2.6323,3
36047078200,36,047,078200,76.1,1.2243,2
36047078400,36,047,078400,79.8,1.2784,2
36047078600,36,047,078600,80.1,1.8521,3
36047078800,36,047,078800,80.2,3.2293,3
36047079000,36,047,079000,84.2,3.3386,3
36047079200,36,047,079200,80.2,3.0963,3
36047079601,36,047,079601,77.8,1.6089,2
36047079602,36,047,079602,76.7,1.4281,2
36047079801,36,047,079801,81.2,3.6479,3
36047079802,36,047,079802,82.7,3.7603,3
36047080000,36,047,080000,84.2,2.7436,3
36047080200,36,047,080200,82.5,2.3503,3
36047080400,36,047,080400,83.5,3.8793,3
36047080600,36,047,080600,82.8,3.8898,3
36047081000,36,047,081000,81.8,2.39,3
36047081400,36,047,081400,77.1,1.2779,2
36047081600,36,047,081600,79.4,1.6938,3
36047081800,36,047,081800,77.8,1.2411,2
36047082000,36,047,082000,81.9,2.5787,3
36047082200,36,047,082200,78.3,1.9881,1
36047082400,36,047,082400,81.8,3.1557,3
36047082600,36,047,082600,83.5,2.9887,3
36047082800,36,047,082800,80.9,3.6556,3
36047083000,36,047,083000,76.4,1.2697,3
36047083200,36,047,083200,84.8,3.5802,3
36047083400,36,047,083400,79.3,1.3773,2
36047083600,36,047,083600,78.1,1.2319,2
36047083800,36,047,083800,79.3,1.5263,2
36047084000,36,047,084000,78.7,2.4374,3
36047084600,36,047,084600,78.1,1.1499,2
36047084800,36,047,084800,78.1,1.277,2
36047085000,36,047,085000,80.7,2.8306,3
36047085400,36,047,085400,78.6,2.9409,3
36047085600,36,047,085600,82.3,2.6299,3
36047085800,36,047,085800,84,3.2631,3
36047086200,36,047,086200,80.4,3.638,3
36047086400,36,047,086400,78.1,1.2263,2
36047086600,36,047,086600,76.1,1.2116,2
36047086800,36,047,086800,80.8,2.5929,3
36047087000,36,047,087000,74.5,1.1189,2
36047087200,36,047,087200,83,3.5862,3
36047087401,36,047,087401,76.6,1.5513,3
36047087600,36,047,087600,80.8,3.8657,3
36047087800,36,047,087800,75.5,2.419,1
36047088000,36,047,088000,77.3,1.1501,2
36047088200,36,047,088200,76.1,1.4559,2
36047088400,36,047,088400,73.1,1.0839,2
36047088600,36,047,088600,75.5,1.0643,2
36047088800,36,047,088800,82.7,2.8749,3
36047089000,36,047,089000,78.2,1.9276,1
36047089200,36,047,089200,79.7,3.5868,3
36047089400,36,047,089400,75.2,1.5519,2
36047089600,36,047,089600,77.8,3.0147,3
36047089800,36,047,089800,73.8,2.2053,2
36047090000,36,047,090000,73.8,1.6281,1
36047090200,36,047,090200,76.2,2.3794,1
36047090600,36,047,090600,70.5,1.4175,1
36047090800,36,047,090800,75.6,1.7542,2
36047091000,36,047,091000,70.6,1.552,3
36047091200,36,047,091200,71,1.2882,3
36047091600,36,047,091600,73.8,1.1966,2
36047091800,36,047,091800,77.9,2.2459,3
36047092000,36,047,092000,75.2,1.319,2
36047092200,36,047,092200,79.8,2.2483,3
36047092400,36,047,092400,73,2.5518,3
36047092800,36,047,092800,78.9,2.5708,3
36047093000,36,047,093000,83.5,3.4974,3
36047093200,36,047,093200,78.4,3.2577,2
36047093400,36,047,093400,83.8,3.8157,3
36047093600,36,047,093600,79.3,1.278,2
36047093800,36,047,093800,74.5,1.0431,2
36047094401,36,047,094401,78.1,1.5166,2
36047094600,36,047,094600,77.1,1.4218,2
36047095000,36,047,095000,78.1,1.3263,2
36047095400,36,047,095400,78.1,1.5596,2
36047095600,36,047,095600,84.9,3.8136,3
36047095800,36,047,095800,77.1,1.2589,2
36047096200,36,047,096200,77.3,3.5291,3
36047096400,36,047,096400,79.8,2.3681,3
36047096600,36,047,096600,77.6,1.1683,2
36047096800,36,047,096800,77.8,1.451,2
36047097400,36,047,097400,73,1.7762,3
36047098200,36,047,098200,72,1.6484,3
36047098400,36,047,098400,79.3,1.6638,2
36047098600,36,047,098600,84.4,3.2265,3
36047098800,36,047,098800,75.4,1.5926,3
36047099000,36,047,099000,79.8,2.695,3
36047099200,36,047,099200,78.6,1.2453,2
36047099400,36,047,099400,78.1,2.048,2
36047099600,36,047,099600,78.1,1.3942,2
36047099800,36,047,099800,83.1,2.9539,3
36047100400,36,047,100400,81.5,2.4352,3
36047100600,36,047,100600,81.4,3.7836,3
36047100800,36,047,100800,78.2,2.2162,3
36047101000,36,047,101000,77.7,3.9342,3
36047101200,36,047,101200,79.2,2.0095,3
36047101400,36,047,101400,81.1,2.1526,3
36047101600,36,047,101600,88.3,3.9807,3
36047102000,36,047,102000,80.4,2.3621,3
36047102400,36,047,102400,77.8,1.6708,2
36047102600,36,047,102600,79.1,2.2034,3
36047102800,36,047,102800,81.2,3.1936,3
36047103400,36,047,103400,72,1.3045,3
36047105804,36,047,105804,76.3,1.3607,3
36047107800,36,047,107800,77.1,1.9443,3
36047109800,36,047,109800,77.8,2.4129,2
36047110400,36,047,110400,75.5,1.19,2
36047110600,36,047,110600,71.7,1.2193,3
36047111000,36,047,111000,74.3,2.6857,1
36047111600,36,047,111600,74.5,1.9198,1
36047111800,36,047,111800,75.6,2.4731,2
36047112000,36,047,112000,81,3.8915,3
36047112200,36,047,112200,75.6,1.9327,2
36047112400,36,047,112400,75.7,3.112,1
36047112800,36,047,112800,76.8,1.3148,2
36047113000,36,047,113000,75.6,1.874,2
36047113200,36,047,113200,76.9,3.231,3
36047113400,36,047,113400,75.6,2.149,2
36047114201,36,047,114201,77.4,2.0704,3
36047114202,36,047,114202,77.1,1.7436,2
36047114400,36,047,114400,74,2.0842,3
36047114600,36,047,114600,81.8,3.1433,3
36047115000,36,047,115000,77.1,2.0722,2
36047115200,36,047,115200,75.7,1.9145,3
36047115600,36,047,115600,70.6,1.9993,1
36047115800,36,047,115800,81.1,3.7411,3
36047116000,36,047,116000,74.8,2.5703,3
36047116200,36,047,116200,76.2,2.1219,3
36047116400,36,047,116400,75.6,1.2069,2
36047116600,36,047,116600,73.6,1.5604,3
36047116800,36,047,116800,74.4,2.9821,3
36047117201,36,047,117201,83.4,3.9114,3
36047117202,36,047,117202,76.5,2.5799,3
36047117400,36,047,117400,77.1,1.7386,2
36047117601,36,047,117601,81.5,2.8777,3
36047117602,36,047,117602,78.1,2.2146,3
36047117800,36,047,117800,76.8,2.0719,2
36047118201,36,047,118201,77.5,2.3716,3
36047118202,36,047,118202,78.6,2.1141,3
36047118400,36,047,118400,79.3,2.2559,3
36047118600,36,047,118600,80.4,2.6517,3
36047118800,36,047,118800,75.6,1.6312,2
36047119200,36,047,119200,75.6,1.4018,2
36047119400,36,047,119400,76.8,1.6993,2
36047119600,36,047,119600,75.6,1.4174,2
36047119800,36,047,119800,71.4,1.6631,1
36047120000,36,047,120000,74.6,2.8583,3
36047120800,36,047,120800,79.9,2.2778,3
36047121000,36,047,121000,75.6,1.2835,2
36047121400,36,047,121400,72.6,2.1295,1
36047122000,36,047,122000,75.5,1.8763,2
36047123700,36,047,123700,73.7,3.3804,3
36047150200,36,047,150200,80.3,2.1332,3
36047152200,36,047,152200,86.9,3.4191,3
36061000201,36,061,000201,77.4,1.4034,2
36061000202,36,061,000202,79.5,1.2631,3
36061000600,36,061,000600,84.3,1.9314,1
36061001001,36,061,001001,81.8,0.9759,2
36061001002,36,061,001002,75.6,1.0248,2
36061001200,36,061,001200,88.9,2.4736,3
36061001401,36,061,001401,83.6,1.5559,3
36061001402,36,061,001402,80,1.5838,3
36061001501,36,061,001501,84,1.5938,3
36061001502,36,061,001502,81.8,3.2296,2
36061001600,36,061,001600,93.6,3.7672,3
36061001800,36,061,001800,79.2,1.1626,2
36061002000,36,061,002000,77.3,2.0406,1
36061002201,36,061,002201,82.4,1.7375,3
36061002400,36,061,002400,79.4,2.5628,3
36061002500,36,061,002500,77.1,1.6431,3
36061002601,36,061,002601,76.8,1.915,3
36061002602,36,061,002602,78.6,1.6601,3
36061002700,36,061,002700,82.8,2.166,3
36061002800,36,061,002800,78.9,1.9885,3
36061002900,36,061,002900,87.4,1.727,3
36061003002,36,061,003002,79.8,1.5575,3
36061003400,36,061,003400,81.8,1.7904,2
36061003601,36,061,003601,77.3,1.5632,3
36061003602,36,061,003602,81.6,1.8913,2
36061003700,36,061,003700,81.5,1.3237,2
36061003900,36,061,003900,83.4,2.9518,3
36061004000,36,061,004000,78.6,1.388,3
36061004100,36,061,004100,84.3,1.5395,3
36061004300,36,061,004300,82.4,2.0886,3
36061004700,36,061,004700,81.4,2.1844,3
36061004800,36,061,004800,84.5,2.6347,3
36061004900,36,061,004900,83,2.6191,3
36061005000,36,061,005000,84.3,2.4053,3
36061005200,36,061,005200,86.1,3.627,3
36061005400,36,061,005400,84.4,2.8656,3
36061005501,36,061,005501,86.1,2.5369,3
36061005700,36,061,005700,88,2.7337,3
36061005900,36,061,005900,93.3,3.1022,3
36061006000,36,061,006000,85.5,1.4093,3
36061006100,36,061,006100,81.8,2.1111,2
36061006200,36,061,006200,81.5,2.1888,3
36061006300,36,061,006300,83.9,1.4308,3
36061006400,36,061,006400,84,2.4255,3
36061006500,36,061,006500,83.4,2.8228,3
36061006600,36,061,006600,80.3,1.9564,3
36061006800,36,061,006800,77.4,1.9541,3
36061006900,36,061,006900,81.5,2.0681,2
36061007000,36,061,007000,83.8,2.5319,3
36061007100,36,061,007100,86.4,2.9966,3
36061007200,36,061,007200,81.5,1.8403,2
36061007300,36,061,007300,80,1.1286,3
36061007400,36,061,007400,82.5,3.4375,3
36061007500,36,061,007500,82.9,2.8928,3
36061007700,36,061,007700,81.7,1.7297,3
36061007800,36,061,007800,82.3,2.1335,3
36061007900,36,061,007900,88.2,3.0584,3
36061008000,36,061,008000,88,2.5282,3
36061008100,36,061,008100,81.8,1.3182,2
36061008200,36,061,008200,81.8,1.2556,2
36061008300,36,061,008300,81.2,1.6842,2
36061008601,36,061,008601,81.5,2.7557,2
36061008603,36,061,008603,85.8,1.9351,3
36061008700,36,061,008700,81.5,2.1255,3
36061008800,36,061,008800,88.7,3.7127,3
36061008900,36,061,008900,81.6,1.4974,2
36061009000,36,061,009000,85,3.7211,3
36061009100,36,061,009100,79.3,2.8662,3
36061009200,36,061,009200,79.5,3.6525,3
36061009700,36,061,009700,81.3,1.5611,3
36061009800,36,061,009800,87.8,3.9553,3
36061009900,36,061,009900,81.5,3.1147,2
36061010000,36,061,010000,84.1,3.0144,3
36061010100,36,061,010100,81.2,3.3592,2
36061010300,36,061,010300,81.6,2.616,2
36061010400,36,061,010400,81.5,1.2745,2
36061010601,36,061,010601,89.9,2.3282,3
36061010602,36,061,010602,84.4,2.2206,3
36061010800,36,061,010800,85.3,1.6466,3
36061011000,36,061,011000,87,2.5797,3
36061011100,36,061,011100,77.6,1.7715,3
36061011203,36,061,011203,84.1,2.2396,3
36061011402,36,061,011402,87,2.7902,3
36061011600,36,061,011600,83.5,3.7538,3
36061011800,36,061,011800,88.5,2.4988,3
36061012000,36,061,012000,84.6,1.5948,3
36061012100,36,061,012100,81.6,1.5618,2
36061012200,36,061,012200,82.1,0.8609,2
36061012500,36,061,012500,78.6,2.8101,3
36061012600,36,061,012600,83,1.1477,1
36061012700,36,061,012700,81.7,1.8878,2
36061012800,36,061,012800,87.2,1.7423,3
36061012900,36,061,012900,78.9,2.3991,3
36061013000,36,061,013000,84.7,1.9798,3
36061013100,36,061,013100,83.3,2.4222,3
36061013200,36,061,013200,87.7,3.7895,3
36061013300,36,061,013300,84.9,3.0955,3
36061013400,36,061,013400,81.5,1.3743,2
36061013500,36,061,013500,84.2,2.5504,3
36061013600,36,061,013600,85.2,1.7572,3
36061013700,36,061,013700,86,3.0035,3
36061013800,36,061,013800,83,1.5696,3
36061013900,36,061,013900,79.3,1.571,3
36061014000,36,061,014000,88.2,1.9651,3
36061014200,36,061,014200,89.5,2.9987,3
36061014401,36,061,014401,89.9,3.0765,3
36061014402,36,061,014402,81.5,1.122,2
36061014500,36,061,014500,88,2.8595,3
36061014601,36,061,014601,81.8,1.7169,2
36061014602,36,061,014602,85.3,3.341,3
36061014801,36,061,014801,86.7,2.2439,3
36061014802,36,061,014802,88.8,2.4691,3
36061014900,36,061,014900,89.1,2.3664,3
36061015002,36,061,015002,88.6,2.4191,3
36061015100,36,061,015100,84,3.4093,3
36061015200,36,061,015200,87.8,2.9432,3
36061015300,36,061,015300,87.8,2.5291,3
36061015400,36,061,015400,84.6,2.1023,3
36061015500,36,061,015500,87.9,1.8229,3
36061015601,36,061,015601,81.6,1.7018,2
36061015602,36,061,015602,78.9,2.9825,3
36061015700,36,061,015700,87.5,2.8832,3
36061015801,36,061,015801,85.2,2.2374,3
36061015802,36,061,015802,79.3,1.6495,3
36061015900,36,061,015900,84.3,2.0752,3
36061016001,36,061,016001,84.9,1.6226,3
36061016002,36,061,016002,84,1.8852,3
36061016100,36,061,016100,81.5,1.6352,2
36061016200,36,061,016200,81.4,2.8105,3
36061016300,36,061,016300,85.7,1.9754,3
36061016400,36,061,016400,78.7,2.5801,3
36061016500,36,061,016500,85.3,1.6872,3
36061016600,36,061,016600,82.4,3.436,3
36061016700,36,061,016700,87,2.0542,3
36061016800,36,061,016800,66.2,2.3494,3
36061016900,36,061,016900,83.4,1.6093,3
36061017000,36,061,017000,81.8,1.527,3
36061017100,36,061,017100,82.1,1.5536,3
36061017300,36,061,017300,83.4,1.8094,3
36061017401,36,061,017401,75.5,1.8268,3
36061017402,36,061,017402,71.2,2.3473,3
36061017500,36,061,017500,81.5,1.0986,3
36061017700,36,061,017700,80.5,1.1461,3
36061017800,36,061,017800,76.2,1.5748,3
36061017900,36,061,017900,86.1,2.7789,3
36061018000,36,061,018000,77.4,1.7003,3
36061018100,36,061,018100,88.5,2.6721,3
36061018200,36,061,018200,76.6,2.1862,1
36061018300,36,061,018300,81.3,1.5272,3
36061018400,36,061,018400,82.4,2.9562,3
36061018500,36,061,018500,88.2,3.0857,3
36061018600,36,061,018600,76.3,1.8348,3
36061018700,36,061,018700,82.6,1.9703,1
36061018800,36,061,018800,77.8,2.2451,3
36061018900,36,061,018900,79.2,1.2322,1
36061019000,36,061,019000,77.7,2.0128,1
36061019100,36,061,019100,88.6,3.6118,3
36061019200,36,061,019200,72.7,1.8809,1
36061019300,36,061,019300,82.2,3.0747,3
36061019400,36,061,019400,78.8,3.0179,3
36061019500,36,061,019500,82.2,1.9467,3
36061019600,36,061,019600,75.6,1.2431,3
36061019701,36,061,019701,78.4,1.9492,2
36061019702,36,061,019702,76.7,2.6337,3
36061019800,36,061,019800,74.4,1.5371,3
36061019900,36,061,019900,81.6,0.8271,2
36061020000,36,061,020000,80.7,2.8736,3
36061020102,36,061,020102,82.4,3.5548,3
36061020500,36,061,020500,81.6,0.8564,2
36061020600,36,061,020600,79.2,2.29,2
36061020701,36,061,020701,83.1,2.9438,3
36061020800,36,061,020800,77.8,1.7611,2
36061020901,36,061,020901,75.3,1.6145,3
36061021000,36,061,021000,74.9,1.5437,3
36061021100,36,061,021100,81.5,1.7597,3
36061021200,36,061,021200,76.4,1.3444,3
36061021303,36,061,021303,76.4,1.4668,3
36061021400,36,061,021400,79.9,1.9713,3
36061021500,36,061,021500,72.9,1.519,3
36061021600,36,061,021600,78.8,2.1547,3
36061021800,36,061,021800,82.7,3.1029,3
36061021900,36,061,021900,80.6,3.6248,3
36061022000,36,061,022000,79.6,2.6268,2
36061022102,36,061,022102,76.2,2.109,3
36061022200,36,061,022200,76.2,2.6563,3
36061022301,36,061,022301,82.3,2.231,1
36061022302,36,061,022302,80.6,2.5513,3
36061022400,36,061,022400,72.9,1.2462,3
36061022500,36,061,022500,81.3,1.5379,3
36061022600,36,061,022600,78,1.8908,3
36061022700,36,061,022700,79.7,2.002,3
36061022800,36,061,022800,75.9,2.2914,3
36061022900,36,061,022900,80.9,1.9432,3
36061023000,36,061,023000,78.8,2.2385,3
36061023100,36,061,023100,78.3,1.6211,3
36061023200,36,061,023200,72.7,1.6134,3
36061023300,36,061,023300,81.3,2.1348,3
36061023501,36,061,023501,77.9,1.6235,2
36061023502,36,061,023502,72.6,2.1254,3
36061023600,36,061,023600,75.4,1.3443,3
36061023700,36,061,023700,80,1.8266,3
36061023801,36,061,023801,81.2,0.9922,2
36061023802,36,061,023802,59,2.3306,3
36061024100,36,061,024100,81.4,1.5594,3
36061024200,36,061,024200,76,1.897,3
36061024301,36,061,024301,77.9,1.4555,2
36061024302,36,061,024302,75.6,1.2519,2
36061024500,36,061,024500,88,2.9759,3
36061024700,36,061,024700,86.6,3.2909,3
36061024900,36,061,024900,76.8,1.9032,2
36061025100,36,061,025100,81.4,2.8561,3
36061025300,36,061,025300,87.2,2.3878,3
36061025500,36,061,025500,81.7,1.4541,2
36061025700,36,061,025700,81.6,2.2775,3
36061025900,36,061,025900,82.3,3.571,3
36061026100,36,061,026100,82.2,1.834,3
36061026300,36,061,026300,82.8,1.4539,1
36061026500,36,061,026500,86,2.5545,3
36061026700,36,061,026700,82.2,2.4315,2
36061026900,36,061,026900,76.6,1.0955,2
36061027100,36,061,027100,80,1.3609,2
36061027300,36,061,027300,85.7,2.3481,3
36061027500,36,061,027500,86.5,2.3704,3
36061027700,36,061,027700,82.7,1.6878,3
36061027900,36,061,027900,84.9,1.9431,3
36061028100,36,061,028100,82.4,1.6634,3
36061028300,36,061,028300,81.9,1.9927,3
36061028500,36,061,028500,81.6,1.2405,3
36061028700,36,061,028700,83,2.7908,3
36061029100,36,061,029100,89.1,3.7331,3
36061029300,36,061,029300,87.2,3.7537,1
36061029500,36,061,029500,81.7,1.2084,2
36061029900,36,061,029900,80.3,2.204,3
36061030300,36,061,030300,82.6,2.2322,3
36061030700,36,061,030700,86.4,3.4282,3
36061030900,36,061,030900,80.9,1.6154,3
36061031703,36,061,031703,85.8,1.4771,3
36081000100,36,081,000100,81.6,2.4926,2
36081000200,36,081,000200,83.5,2.1787,3
36081000400,36,081,000400,82.7,3.0699,3
36081000600,36,081,000600,79.8,1.7486,3
36081000700,36,081,000700,87,3.4397,3
36081000800,36,081,000800,80,1.8119,3
36081001000,36,081,001000,84,3.2849,3
36081001200,36,081,001200,83.7,2.8556,3
36081001400,36,081,001400,87.7,3.2552,3
36081001600,36,081,001600,82.1,2.1362,3
36081001800,36,081,001800,81.5,2.4484,3
36081001900,36,081,001900,82.4,2.69,2
36081002000,36,081,002000,81,3.3329,3
36081002200,36,081,002200,82.2,2.109,3
36081002400,36,081,002400,80.4,2.2421,2
36081002500,36,081,002500,75.3,2.0309,3
36081002600,36,081,002600,80.1,3.1509,3
36081002800,36,081,002800,76.2,1.7388,3
36081003000,36,081,003000,79.8,1.6036,2
36081003200,36,081,003200,76.9,2.4445,3
36081003300,36,081,003300,80.4,1.3125,2
36081003400,36,081,003400,81.7,3.7174,3
36081003600,36,081,003600,82.4,2.5012,3
36081003800,36,081,003800,79.5,1.6096,3
36081003900,36,081,003900,78.5,2.1049,2
36081004001,36,081,004001,82.2,2.8193,3
36081004002,36,081,004002,78.8,2.6444,2
36081004200,36,081,004200,80.6,2.5964,3
36081004300,36,081,004300,75.6,1.5506,2
36081004401,36,081,004401,78.8,1.1506,2
36081004500,36,081,004500,84.8,1.7503,3
36081004700,36,081,004700,77.7,1.5799,3
36081005100,36,081,005100,79.7,2.1034,2
36081005200,36,081,005200,80.6,2.442,3
36081005300,36,081,005300,84.1,3.1067,3
36081005400,36,081,005400,84.2,2.558,3
36081005500,36,081,005500,81.5,2.8635,2
36081005700,36,081,005700,81.7,3.1264,3
36081005800,36,081,005800,82.8,2.1233,3
36081005900,36,081,005900,81.8,1.636,3
36081006100,36,081,006100,81.4,1.3817,2
36081006201,36,081,006201,82.5,1.6232,3
36081006202,36,081,006202,82.7,2.2976,3
36081006300,36,081,006300,83.6,2.5223,3
36081006501,36,081,006501,80.1,1.2445,3
36081006502,36,081,006502,78.7,1.5463,3
36081006900,36,081,006900,84,1.8962,3
36081007100,36,081,007100,80.2,1.8022,3
36081007300,36,081,007300,83.7,2.8615,3
36081007500,36,081,007500,81.6,1.355,3
36081007700,36,081,007700,81.4,3.5562,3
36081007900,36,081,007900,79,1.6186,3
36081008100,36,081,008100,80.4,2.3312,2
36081008300,36,081,008300,81.8,3.9217,3
36081008500,36,081,008500,78.3,3.6937,3
36081008600,36,081,008600,77.8,1.6416,3
36081008700,36,081,008700,75.6,1.3661,2
36081008800,36,081,008800,80.3,2.8459,3
36081009100,36,081,009100,81.4,1.4446,2
36081009400,36,081,009400,79.9,2.5512,3
36081009500,36,081,009500,83.5,2.7018,3
36081009600,36,081,009600,79,1.7576,2
36081009700,36,081,009700,82.7,1.2008,3
36081009800,36,081,009800,77.6,2.4832,2
36081010000,36,081,010000,82.8,3.8557,3
36081010100,36,081,010100,81.6,2.0179,3
36081010200,36,081,010200,78.3,1.7432,2
36081010300,36,081,010300,84.9,2.587,3
36081010400,36,081,010400,81.6,1.9949,3
36081010500,36,081,010500,80.9,2.2016,3
36081010600,36,081,010600,84.9,3.0942,3
36081010800,36,081,010800,83.4,2.988,3
36081011000,36,081,011000,83.8,2.7434,3
36081011100,36,081,011100,82.1,1.9134,3
36081011200,36,081,011200,82.1,2.829,3
36081011300,36,081,011300,77.7,3.3338,3
36081011400,36,081,011400,78.2,2.8129,3
36081011500,36,081,011500,79.2,1.7775,3
36081011600,36,081,011600,82.7,2.6389,3
36081011700,36,081,011700,79.4,1.1571,3
36081011800,36,081,011800,81.8,3.2112,3
36081011900,36,081,011900,81.4,1.5927,2
36081012000,36,081,012000,82.7,3.0775,3
36081012100,36,081,012100,82.2,1.7288,3
36081012200,36,081,012200,83.1,2.9496,3
36081012301,36,081,012301,77,3.874,3
36081012400,36,081,012400,81.7,2.6671,3
36081012500,36,081,012500,82.9,2.2426,3
36081012601,36,081,012601,77.2,2.1739,1
36081012602,36,081,012602,77.7,1.7757,2
36081012800,36,081,012800,83.6,3.669,3
36081013000,36,081,013000,83.2,3.0592,3
36081013200,36,081,013200,79.2,2.842,3
36081013400,36,081,013400,81.2,1.0588,2
36081013500,36,081,013500,83.9,2.202,3
36081013600,36,081,013600,88.2,2.7766,3
36081013700,36,081,013700,80.3,1.2413,2
36081013800,36,081,013800,86.2,3.0902,3
36081014000,36,081,014000,81,1.7076,3
36081014100,36,081,014100,77.9,2.6126,3
36081014201,36,081,014201,78.2,2.5467,3
36081014202,36,081,014202,85.5,2.6058,3
36081014300,36,081,014300,85.3,2.7465,3
36081014400,36,081,014400,78.8,1.8951,2
36081014500,36,081,014500,80.9,1.0521,2
36081014700,36,081,014700,88.7,3.455,3
36081014800,36,081,014800,79.5,1.5379,2
36081014900,36,081,014900,81.4,2.5569,3
36081015000,36,081,015000,79.5,1.448,2
36081015100,36,081,015100,81.9,1.1662,2
36081015200,36,081,015200,79.2,1.9988,2
36081015300,36,081,015300,84.5,3.8177,3
36081015400,36,081,015400,79.9,1.6684,2
36081015500,36,081,015500,85.1,3.6568,3
36081015600,36,081,015600,84.1,2.9905,3
36081015700,36,081,015700,79.5,3.976,3
36081015801,36,081,015801,77.8,1.5136,3
36081015802,36,081,015802,83.3,3.6328,3
36081015900,36,081,015900,80.4,1.3302,2
36081016100,36,081,016100,78.8,1.2155,2
36081016300,36,081,016300,78.1,2.5736,3
36081016400,36,081,016400,79.9,1.9099,3
36081016600,36,081,016600,77.7,2.3978,3
36081016800,36,081,016800,78,1.739,2
36081016900,36,081,016900,85,2.1062,3
36081017000,36,081,017000,83,3.3089,3
36081017200,36,081,017200,77.6,1.2834,2
36081017400,36,081,017400,79.2,1.6944,3
36081017600,36,081,017600,80.9,2.4512,3
36081017800,36,081,017800,80.9,3.5049,3
36081017900,36,081,017900,80,3.4724,2
36081018000,36,081,018000,76.7,2.7608,2
36081018101,36,081,018101,78.7,1.3896,3
36081018102,36,081,018102,81.5,1.6982,3
36081018200,36,081,018200,78.8,3.3486,3
36081018300,36,081,018300,80.7,1.1867,3
36081018401,36,081,018401,75.1,2.1955,3
36081018402,36,081,018402,79.5,2.3055,3
36081018501,36,081,018501,82.4,2.1146,3
36081018502,36,081,018502,77.9,1.7698,3
36081018600,36,081,018600,80.1,3.2453,3
36081018700,36,081,018700,83.8,2.6758,3
36081018800,36,081,018800,80.8,2.3776,3
36081018900,36,081,018900,86.8,3.2855,3
36081019200,36,081,019200,79.4,3.8652,3
36081019400,36,081,019400,79.3,2.5836,3
36081019600,36,081,019600,76.5,1.4501,2
36081019800,36,081,019800,75.7,1.858,3
36081020200,36,081,020200,80.9,3.9809,3
36081020400,36,081,020400,78.3,1.2246,2
36081020500,36,081,020500,79.3,3.8868,3
36081020600,36,081,020600,77.1,2.9455,2
36081020800,36,081,020800,81.5,3.6572,3
36081021200,36,081,021200,78.8,1.8025,2
36081021400,36,081,021400,81.2,2.0745,2
36081021600,36,081,021600,88.2,3.9925,3
36081022001,36,081,022001,84.5,2.1701,3
36081022002,36,081,022002,81.5,1.6923,3
36081023000,36,081,023000,82.8,1.6673,3
36081023200,36,081,023200,82.5,1.6559,3
36081023500,36,081,023500,82.7,2.3405,3
36081023600,36,081,023600,79.8,1.3757,2
36081023800,36,081,023800,80.3,3.0469,3
36081024000,36,081,024000,76.8,1.4579,2
36081024300,36,081,024300,85.8,2.0064,3
36081024500,36,081,024500,83.2,1.3743,3
36081024700,36,081,024700,78.8,2.1004,2
36081024900,36,081,024900,81.9,1.7444,3
36081025100,36,081,025100,81.1,3.6811,3
36081025301,36,081,025301,83.6,2.2595,3
36081025302,36,081,025302,80.5,2.3116,3
36081025400,36,081,025400,78.5,2.123,1
36081025500,36,081,025500,80.6,2.9077,3
36081025700,36,081,025700,82.4,2.037,2
36081025900,36,081,025900,81.3,2.8034,3
36081026000,36,081,026000,77.4,2.09,3
36081026100,36,081,026100,80.3,1.6752,3
36081026200,36,081,026200,79.7,3.8629,3
36081026300,36,081,026300,85.3,3.7143,3
36081026400,36,081,026400,77.9,2.0375,3
36081026500,36,081,026500,80.9,1.824,2
36081026600,36,081,026600,74.4,2.6761,3
36081026700,36,081,026700,81.3,1.8071,3
36081026901,36,081,026901,82.2,2.3857,3
36081026902,36,081,026902,86.3,3.0706,3
36081027000,36,081,027000,73.8,1.5732,2
36081027100,36,081,027100,88.4,2.4661,3
36081027200,36,081,027200,75.5,1.3501,2
36081027300,36,081,027300,80.6,1.6437,1
36081027400,36,081,027400,82.6,2.7893,3
36081027500,36,081,027500,87.5,2.8234,3
36081027600,36,081,027600,75.7,2.5343,3
36081027700,36,081,027700,84.8,2.9028,3
36081027800,36,081,027800,76.7,1.7045,3
36081027900,36,081,027900,88,3.1638,3
36081028000,36,081,028000,76.3,2.4921,3
36081028100,36,081,028100,82.9,2.0481,3
36081028200,36,081,028200,79,2.779,3
36081028300,36,081,028300,83.3,1.8153,3
36081028400,36,081,028400,76.7,1.4848,2
36081028500,36,081,028500,82.3,2.5098,3
36081028700,36,081,028700,82.9,1.7534,3
36081028800,36,081,028800,81.9,2.1727,3
36081028900,36,081,028900,82.8,1.3742,3
36081029100,36,081,029100,81.9,1.539,3
36081029300,36,081,029300,81.5,1.9638,2
36081029400,36,081,029400,82.4,2.4286,3
36081029500,36,081,029500,80.7,2.9109,3
36081029700,36,081,029700,81.9,1.3748,2
36081030600,36,081,030600,79.3,3.299,3
36081030902,36,081,030902,84.9,2.6727,3
36081030903,36,081,030903,89.6,3.9257,3
36081030904,36,081,030904,87.4,2.4191,3
36081031700,36,081,031700,85.2,2.6066,3
36081032000,36,081,032000,84.5,3.1925,3
36081032700,36,081,032700,86.3,3.1494,3
36081032800,36,081,032800,77.1,1.4314,2
36081032900,36,081,032900,79.5,1.2574,2
36081033000,36,081,033000,77.6,0.9672,2
36081033401,36,081,033401,81.8,2.6195,3
36081033402,36,081,033402,80.2,1.7392,1
36081033700,36,081,033700,79,2.0521,2
36081033900,36,081,033900,81.4,1.7603,3
36081034700,36,081,034700,82.9,2.2943,3
36081035100,36,081,035100,82.3,1.4463,3
36081035200,36,081,035200,80,2.0016,1
36081035300,36,081,035300,77.1,1.2072,2
36081035700,36,081,035700,77.8,1.5302,3
36081035800,36,081,035800,84.7,3.5419,3
36081036100,36,081,036100,82.5,2.3659,3
36081036300,36,081,036300,77,2.213,3
36081036500,36,081,036500,78.3,1.7016,2
36081036600,36,081,036600,78.5,1.5126,3
36081036700,36,081,036700,83.4,2.7179,3
36081036800,36,081,036800,84.8,3.2945,3
36081037100,36,081,037100,87.3,3.7623,3
36081037300,36,081,037300,83,3.7687,3
36081037500,36,081,037500,76.3,1.3072,2
36081037600,36,081,037600,79.8,1.591,3
36081037700,36,081,037700,84.1,2.9615,3
36081037900,36,081,037900,76.3,1.5682,2
36081038100,36,081,038100,77.7,1.1914,2
36081038400,36,081,038400,77.2,2.0653,3
36081039400,36,081,039400,84,2.7181,3
36081039800,36,081,039800,79.6,3.2069,3
36081040000,36,081,040000,80.8,3.6616,3
36081040100,36,081,040100,76.6,2.1754,2
36081040200,36,081,040200,79.6,2.0352,3
36081040300,36,081,040300,76.6,1.5576,2
36081040400,36,081,040400,77.9,1.4287,3
36081040500,36,081,040500,76.6,1.7311,2
36081040700,36,081,040700,85.1,2.8621,3
36081040900,36,081,040900,76.6,1.4346,2
36081041100,36,081,041100,82.5,3.3906,3
36081041300,36,081,041300,85.9,3.8494,3
36081041400,36,081,041400,76.7,1.4081,2
36081041500,36,081,041500,82.1,2.2637,3
36081042400,36,081,042400,83.4,2.7166,3
36081042700,36,081,042700,82.5,2.5852,3
36081043200,36,081,043200,80.1,3.0937,3
36081043400,36,081,043400,80.7,2.0064,3
36081043701,36,081,043701,78,1.6687,3
36081043702,36,081,043702,82.9,2.9248,3
36081043900,36,081,043900,76.6,1.9912,2
36081044000,36,081,044000,79.1,2.7608,3
36081044301,36,081,044301,85.3,3.2129,3
36081044302,36,081,044302,78.8,1.182,2
36081044400,36,081,044400,82,2.2113,3
36081044601,36,081,044601,79.7,2.6841,3
36081044602,36,081,044602,78.4,2.0929,3
36081044800,36,081,044800,81.6,2.5361,3
36081045000,36,081,045000,84.3,2.4079,3
36081045200,36,081,045200,77.8,1.107,2
36081045400,36,081,045400,82.1,2.7335,3
36081045500,36,081,045500,82.9,2.4586,3
36081045600,36,081,045600,80.7,1.4313,2
36081045700,36,081,045700,84.7,2.0611,3
36081045800,36,081,045800,85.1,3.3965,3
36081045900,36,081,045900,83.7,2.3954,3
36081046000,36,081,046000,81.7,2.3409,3
36081046100,36,081,046100,78.8,1.7164,2
36081046200,36,081,046200,79.9,1.5465,3
36081046300,36,081,046300,82.8,3.0307,3
36081046400,36,081,046400,80.9,2.3716,3
36081046500,36,081,046500,81,2.5047,3
36081046600,36,081,046600,81.9,2.0203,3
36081046700,36,081,046700,84.4,2.455,3
36081046800,36,081,046800,82.1,2.5587,3
36081046900,36,081,046900,86.2,2.6788,3
36081047000,36,081,047000,78.3,1.4187,2
36081047100,36,081,047100,85,3.7206,3
36081047200,36,081,047200,86.8,2.003,3
36081047300,36,081,047300,88.4,3.0162,3
36081047500,36,081,047500,84.6,2.4972,3
36081047600,36,081,047600,80.5,2.94,3
36081047800,36,081,047800,83.4,2.0015,3
36081047900,36,081,047900,88.3,2.8459,3
36081048000,36,081,048000,79.9,1.3462,2
36081048100,36,081,048100,80,1.8731,2
36081048200,36,081,048200,81.3,3.4099,3
36081048300,36,081,048300,80.9,1.6864,2
36081048400,36,081,048400,82,2.1198,3
36081048500,36,081,048500,85.5,2.8564,3
36081048900,36,081,048900,81.5,2.263,2
36081049200,36,081,049200,81.7,2.5948,3
36081049301,36,081,049301,81.5,1.2709,2
36081049302,36,081,049302,77.9,1.8096,3
36081049500,36,081,049500,76.3,2.1182,3
36081049600,36,081,049600,77.6,1.1838,2
36081049700,36,081,049700,83,2.7171,3
36081049900,36,081,049900,82.6,1.2852,3
36081050000,36,081,050000,80.3,2.3019,3
36081050201,36,081,050201,77.1,2.6933,3
36081050202,36,081,050202,81.1,3.3901,3
36081050400,36,081,050400,77.6,1.061,2
36081050500,36,081,050500,80.9,3.4754,3
36081050600,36,081,050600,81.1,3.1148,3
36081050700,36,081,050700,85.1,2.7993,3
36081050800,36,081,050800,79.6,2.2975,3
36081051000,36,081,051000,79.8,2.2854,2
36081051100,36,081,051100,85.5,3.5148,3
36081051200,36,081,051200,80.6,2.6552,3
36081051300,36,081,051300,79.8,1.3587,3
36081051500,36,081,051500,80.2,1.5775,3
36081051600,36,081,051600,78.6,2.4092,2
36081051700,36,081,051700,80.1,1.6441,3
36081051800,36,081,051800,79.6,1.9977,3
36081052000,36,081,052000,77.8,3.8124,3
36081052100,36,081,052100,79.3,1.7544,3
36081052200,36,081,052200,82.8,3.3354,3
36081052400,36,081,052400,78.1,1.5144,2
36081052500,36,081,052500,74.5,1.5724,3
36081052600,36,081,052600,78.9,2.0559,3
36081052800,36,081,052800,80.7,3.5851,3
36081053000,36,081,053000,80.4,1.7722,3
36081053100,36,081,053100,81.4,2.427,3
36081053200,36,081,053200,77.4,2.1242,3
36081053401,36,081,053401,79.3,1.1957,2
36081053500,36,081,053500,77.7,2.7296,2
36081053601,36,081,053601,79.8,1.6352,2
36081053800,36,081,053800,79.3,3.2311,3
36081053900,36,081,053900,84.8,2.7319,3
36081054000,36,081,054000,77.4,1.2783,3
36081054200,36,081,054200,80.1,1.5249,3
36081054500,36,081,054500,81.6,3.4212,3
36081054700,36,081,054700,79.1,1.873,2
36081054800,36,081,054800,81.5,1.8248,3
36081054900,36,081,054900,76.6,1.3213,2
36081055100,36,081,055100,78.3,1.2669,3
36081055200,36,081,055200,80.2,2.1604,3
36081055400,36,081,055400,82,2.588,3
36081055500,36,081,055500,80.3,3.0692,3
36081055600,36,081,055600,88.3,3.7463,3
36081055700,36,081,055700,79.9,3.4283,3
36081055800,36,081,055800,85.2,2.2117,3
36081056000,36,081,056000,83.8,3.9838,3
36081056200,36,081,056200,78.3,1.5172,2
36081056400,36,081,056400,77.8,2.2918,3
36081056500,36,081,056500,78,2.0016,2
36081056600,36,081,056600,80.3,2.602,3
36081056700,36,081,056700,81.9,2.1029,3
36081056800,36,081,056800,80.9,1.963,3
36081057700,36,081,057700,80.6,1.4414,2
36081057900,36,081,057900,77.2,2.4771,3
36081058000,36,081,058000,82,2.705,3
36081058100,36,081,058100,77.7,1.6893,3
36081058200,36,081,058200,77.6,1.7585,2
36081058300,36,081,058300,80.5,2.3334,3
36081058500,36,081,058500,82.9,3.0585,3
36081058700,36,081,058700,80.9,1.9403,3
36081058900,36,081,058900,80.3,2.4981,3
36081059000,36,081,059000,79.3,1.3168,2
36081059100,36,081,059100,79,2.093,3
36081059200,36,081,059200,77.6,2.0225,3
36081059300,36,081,059300,84.5,2.5438,3
36081059400,36,081,059400,79.3,1.7244,2
36081059500,36,081,059500,80.6,1.2035,2
36081059600,36,081,059600,79.3,1.8462,2
36081059800,36,081,059800,82.6,3.4798,3
36081059900,36,081,059900,83.6,2.8791,3
36081060000,36,081,060000,81.9,2.4638,3
36081060100,36,081,060100,80.1,2.9786,3
36081060300,36,081,060300,81.1,1.8936,3
36081060600,36,081,060600,80.6,2.2301,3
36081060800,36,081,060800,85.3,2.9485,3
36081061000,36,081,061000,81.9,3.6293,3
36081061301,36,081,061301,83.2,2.3807,3
36081061400,36,081,061400,83.2,2.5607,3
36081061601,36,081,061601,82.6,2.4407,3
36081061602,36,081,061602,79.3,1.2017,2
36081061800,36,081,061800,83.4,3.4289,3
36081061900,36,081,061900,75.9,1.7298,3
36081062000,36,081,062000,80.8,1.6949,2
36081062100,36,081,062100,80.8,2.1527,3
36081062200,36,081,062200,81.9,2.547,3
36081062300,36,081,062300,82.8,2.0355,3
36081062500,36,081,062500,76.3,1.408,3
36081062600,36,081,062600,82.8,2.4973,3
36081062700,36,081,062700,79.1,1.9894,3
36081062900,36,081,062900,79.7,1.3406,2
36081063000,36,081,063000,79.3,1.1809,2
36081063200,36,081,063200,80.2,1.9918,3
36081063301,36,081,063301,83.9,2.7762,3
36081063302,36,081,063302,80.7,1.9684,3
36081063500,36,081,063500,82.1,1.9465,3
36081063700,36,081,063700,80.6,1.3113,3
36081063800,36,081,063800,84.9,2.3521,3
36081063900,36,081,063900,80.8,1.9599,3
36081064101,36,081,064101,82,1.2845,3
36081064500,36,081,064500,83.7,2.0856,3
36081064600,36,081,064600,81.9,1.4183,3
36081065000,36,081,065000,79.3,1.3497,2
36081065400,36,081,065400,79.6,2.2531,3
36081065600,36,081,065600,85.8,3.3264,3
36081065702,36,081,065702,82.5,1.7741,3
36081065703,36,081,065703,80.5,2.0101,3
36081065900,36,081,065900,81.2,2.0695,3
36081066000,36,081,066000,83.2,2.5033,3
36081066100,36,081,066100,82.9,2.5039,3
36081066300,36,081,066300,82.7,1.595,3
36081066400,36,081,066400,82.8,2.018,1
36081066501,36,081,066501,81.4,1.7572,3
36081066701,36,081,066701,78.4,1.4053,3
36081066900,36,081,066900,82.6,1.0363,2
36081067100,36,081,067100,84.5,2.2134,3
36081067700,36,081,067700,82.6,1.3563,2
36081067900,36,081,067900,80.4,1.9602,3
36081068000,36,081,068000,79.6,1.8528,3
36081068200,36,081,068200,79.9,3.2512,3
36081068300,36,081,068300,88.4,2.9273,3
36081068700,36,081,068700,88.2,2.9763,3
36081069000,36,081,069000,79.7,1.9818,3
36081069300,36,081,069300,83.2,3.5798,3
36081069400,36,081,069400,81.1,3.8257,3
36081069500,36,081,069500,80.4,1.196,3
36081069701,36,081,069701,81.3,1.2781,3
36081069702,36,081,069702,88.3,3.4964,3
36081070300,36,081,070300,84.2,2.9459,3
36081070700,36,081,070700,86.3,2.6084,3
36081070900,36,081,070900,84.3,2.6569,3
36081071100,36,081,071100,84.5,1.7435,3
36081071303,36,081,071303,82.3,1.6884,3
36081071304,36,081,071304,83.9,1.8378,3
36081071305,36,081,071305,83.3,1.6606,3
36081071306,36,081,071306,83.6,2.0597,3
36081071701,36,081,071701,82.9,1.6485,3
36081071900,36,081,071900,86.1,3.0569,3
36081072100,36,081,072100,83.8,1.5148,3
36081072900,36,081,072900,81.7,2.9185,3
36081073100,36,081,073100,83.2,1.9336,3
36081073700,36,081,073700,86.5,2.7344,3
36081073900,36,081,073900,84.2,1.5449,3
36081074100,36,081,074100,84.4,2.2482,3
36081074300,36,081,074300,85.1,1.96,3
36081074500,36,081,074500,82.1,1.5525,3
36081074700,36,081,074700,80.7,1.6604,2
36081074900,36,081,074900,88.5,3.6146,3
36081075701,36,081,075701,88,3.5017,3
36081075702,36,081,075702,81.6,1.7525,3
36081076901,36,081,076901,83.7,2.9922,3
36081076902,36,081,076902,83.6,3.3554,3
36081077300,36,081,077300,86.5,3.7798,3
36081077500,36,081,077500,80.2,1.2733,3
36081077902,36,081,077902,82.2,0.9628,3
36081077903,36,081,077903,85.8,3.0773,3
36081077904,36,081,077904,82,1.52,3
36081077905,36,081,077905,86,3.0698,3
36081077906,36,081,077906,83.2,2.1076,3
36081077907,36,081,077907,80.1,1.5222,2
36081077908,36,081,077908,79,1.8174,3
36081078800,36,081,078800,77.6,1.6678,2
36081079000,36,081,079000,77.2,2.0254,3
36081079200,36,081,079200,83.1,2.7287,3
36081079702,36,081,079702,83.6,2.0259,3
36081079900,36,081,079900,83.3,1.8377,3
36081080301,36,081,080301,86.4,2.4119,3
36081080302,36,081,080302,87.1,3.0536,3
36081080900,36,081,080900,88.6,2.9334,3
36081081400,36,081,081400,76.7,1.5044,2
36081081800,36,081,081800,80.3,2.7482,3
36081083700,36,081,083700,86.1,2.4446,3
36081083800,36,081,083800,83.2,2.3038,3
36081084000,36,081,084000,79.9,1.2234,3
36081084601,36,081,084601,86,3.5142,3
36081084602,36,081,084602,77.7,2.0819,2
36081084900,36,081,084900,74.9,1.6548,2
36081085300,36,081,085300,85.4,2.9299,3
36081085500,36,081,085500,84.1,2.1002,3
36081085700,36,081,085700,82.6,1.8891,3
36081085900,36,081,085900,85.7,2.3389,1
36081086100,36,081,086100,79.7,1.2151,2
36081086300,36,081,086300,87.3,3.2192,3
36081086400,36,081,086400,77.7,1.3425,3
36081086500,36,081,086500,81.4,2.0113,3
36081086900,36,081,086900,86.3,3.836,3
36081087100,36,081,087100,79.1,2.4347,3
36081088901,36,081,088901,81.3,1.3826,3
36081089200,36,081,089200,83.6,1.8563,3
36081090700,36,081,090700,79.6,1.5735,2
36081091601,36,081,091601,78.7,1.2791,3
36081091900,36,081,091900,78.5,1.2789,3
36081092200,36,081,092200,85.6,1.9359,3
36081092500,36,081,092500,81.6,2.6089,3
36081092900,36,081,092900,79.5,1.219,3
36081093401,36,081,093401,83.7,2.1537,3
36081093402,36,081,093402,84.4,3.0242,3
36081093800,36,081,093800,72.1,1.2367,3
36081093900,36,081,093900,86.8,3.4626,3
36081094201,36,081,094201,77.7,2.884,3
36081094203,36,081,094203,75.7,3.5876,3
36081094500,36,081,094500,79.7,1.4194,3
36081094700,36,081,094700,85.7,2.9301,3
36081095400,36,081,095400,72.4,1.1138,1
36081096400,36,081,096400,76.7,1.0744,2
36081097202,36,081,097202,75.2,2.401,2
36081097203,36,081,097203,74.3,2.3784,1
36081097204,36,081,097204,75.6,0.8949,2
36081097300,36,081,097300,81.4,1.0762,2
36081098100,36,081,098100,82.3,1.3114,3
36081098700,36,081,098700,81.9,1.6937,3
36081099100,36,081,099100,82.3,1.2608,3
36081099200,36,081,099200,78.1,2.6758,3
36081099701,36,081,099701,81.6,1.61,3
36081099703,36,081,099703,84.8,1.6385,3
36081099704,36,081,099704,83.7,1.4253,3
36081099705,36,081,099705,81.8,1.7032,2
36081099801,36,081,099801,77,1.2082,3
36081099802,36,081,099802,78.2,1.3919,3
36081100801,36,081,100801,81.2,1.5432,2
36081100802,36,081,100802,79.2,1.5008,1
36081101001,36,081,101001,76.8,0.7327,2
36081101002,36,081,101002,79,1.4019,3
36081101700,36,081,101700,82.3,1.222,3
36081102900,36,081,102900,84.8,1.9626,3
36081103201,36,081,103201,75.6,1.6428,2
36081103202,36,081,103202,80.3,1.6603,3
36081103300,36,081,103300,82.6,1.4127,3
36081103900,36,081,103900,83.4,1.5827,3
36081104700,36,081,104700,82.6,1.3389,3
36081105900,36,081,105900,84.3,1.773,3
36081107201,36,081,107201,75.8,1.4817,3
36081108500,36,081,108500,85,2.6126,3
36081109700,36,081,109700,83.9,2.2346,3
36081109900,36,081,109900,82.2,1.4502,3
36081111300,36,081,111300,82.9,2.0797,3
36081112300,36,081,112300,82.4,2.5514,3
36081112900,36,081,112900,81.9,2.5564,3
36081113300,36,081,113300,88.2,3.6458,3
36081113900,36,081,113900,87.6,2.6779,3
36081114100,36,081,114100,82.5,1.9169,3
36081114700,36,081,114700,86.7,2.5225,3
36081115100,36,081,115100,87.8,3.7838,3
36081115500,36,081,115500,80.6,1.5211,2
36081115700,36,081,115700,88.5,3.4144,3
36081115900,36,081,115900,81.5,1.7983,3
36081116100,36,081,116100,80.5,1.1206,3
36081116300,36,081,116300,82.3,1.19,3
36081116700,36,081,116700,79.1,1.9306,2
36081117100,36,081,117100,81.7,1.6692,3
36081117500,36,081,117500,84.8,1.8062,3
36081118100,36,081,118100,80.3,1.5127,2
36081118500,36,081,118500,83.2,2.991,3
36081118700,36,081,118700,77.7,1.1874,2
36081118900,36,081,118900,85.1,2.9273,3
36081119100,36,081,119100,79.3,1.4638,3
36081119300,36,081,119300,82.3,1.8524,3
36081119500,36,081,119500,82.4,1.7416,2
36081119900,36,081,119900,83,2.5536,3
36081120100,36,081,120100,78.8,1.4925,2
36081120500,36,081,120500,85.8,2.6985,3
36081120700,36,081,120700,82.9,3.0947,3
36081121500,36,081,121500,85,1.96,3
36081122300,36,081,122300,85.4,2.222,3
36081122701,36,081,122701,84.9,2.2234,3
36081122702,36,081,122702,76,1.2006,1
36081124100,36,081,124100,82.6,1.444,3
36081124700,36,081,124700,85.3,2.4596,3
36081125700,36,081,125700,77.8,1.4671,3
36081126700,36,081,126700,81.2,1.2104,2
36081127700,36,081,127700,85.7,2.108,3
36081129102,36,081,129102,83.8,1.2908,3
36081129103,36,081,129103,86.7,2.1667,3
36081129104,36,081,129104,80.3,1.2215,3
36081130100,36,081,130100,81.7,1.4195,3
36081133300,36,081,133300,83.7,1.3691,3
36081133900,36,081,133900,82.6,0.9699,2
36081134100,36,081,134100,81.2,1.3117,3
36081134700,36,081,134700,80.7,0.8065,2
36081136700,36,081,136700,83.7,1.5289,3
36081137700,36,081,137700,84.8,2.7038,3
36081138501,36,081,138501,88.6,3.2087,3
36081139900,36,081,139900,83,2.4651,3
36081140300,36,081,140300,86.8,2.3733,3
36081140901,36,081,140901,81.5,2.8426,3
36081140902,36,081,140902,82.9,1.4323,3
36081141700,36,081,141700,86.9,2.0008,3
36081142900,36,081,142900,86,3.2234,3
36081143500,36,081,143500,81,2.59,3
36081144100,36,081,144100,83.2,1.9554,3
36081144700,36,081,144700,83.1,2.3526,3
36081145101,36,081,145101,80.3,2.116,2
36081145102,36,081,145102,85.3,2.5814,3
36081145900,36,081,145900,82.4,1.5396,3
36081146700,36,081,146700,78.7,1.3024,3
36081147100,36,081,147100,83.3,1.7693,3
36081147900,36,081,147900,84.3,2.2792,3
36081148300,36,081,148300,81.7,2.0284,3
36081150701,36,081,150701,84.2,1.8004,3
36081150702,36,081,150702,82.9,1.1847,3
36081152901,36,081,152901,88.3,2.1616,3
36081152902,36,081,152902,84,1.7027,3
36081155102,36,081,155102,83.7,1.5184,3
36081156700,36,081,156700,79.6,1.3519,2
36081157101,36,081,157101,85.3,1.8262,3
36081157102,36,081,157102,80.9,1.8587,3
36081157901,36,081,157901,82.8,1.5405,3
36081157902,36,081,157902,81.2,1.9035,3
36081157903,36,081,157903,82.5,1.4902,3
36081161700,36,081,161700,85.6,2.2421,3
36081162100,36,081,162100,85.5,2.2178,3
36085000300,36,085,000300,75.9,2.7139,3
36085000600,36,085,000600,80,1.9019,3
36085000700,36,085,000700,77.9,1.854,2
36085000800,36,085,000800,82.1,2.4014,3
36085001100,36,085,001100,75.6,1.7557,3
36085002001,36,085,002001,79.7,2.4899,3
36085002002,36,085,002002,83.2,2.1483,3
36085002100,36,085,002100,74.7,2.8549,3
36085002700,36,085,002700,61.9,1.5254,3
36085002900,36,085,002900,74.7,1.7647,3
36085003300,36,085,003300,83.6,2.8948,3
36085003600,36,085,003600,80.3,2.088,3
36085003900,36,085,003900,82.7,2.8191,3
36085004000,36,085,004000,76.8,1.5784,2
36085004700,36,085,004700,78.6,1.5267,3
36085005000,36,085,005000,79.2,1.4121,3
36085005900,36,085,005900,80.7,2.1322,3
36085006400,36,085,006400,76,1.692,3
36085006700,36,085,006700,79.5,2.1777,3
36085007000,36,085,007000,80.2,1.244,3
36085007400,36,085,007400,78.6,1.9938,3
36085007500,36,085,007500,71.5,1.147,3
36085008100,36,085,008100,72.3,1.2487,3
36085009601,36,085,009601,81.1,1.5235,3
36085009602,36,085,009602,80.1,2.0833,3
36085009700,36,085,009700,78.9,1.625,3
36085010500,36,085,010500,80.1,1.8435,3
36085011201,36,085,011201,81.8,2.3947,3
36085011202,36,085,011202,80.8,2.2344,3
36085011401,36,085,011401,75.6,1.8614,3
36085011402,36,085,011402,77.9,1.754,3
36085012100,36,085,012100,81.6,1.4264,3
36085012200,36,085,012200,80.4,1.7005,3
36085012500,36,085,012500,77.4,2.3442,3
36085012804,36,085,012804,78.6,1.8428,3
36085012805,36,085,012805,83.1,2.667,3
36085012806,36,085,012806,77.3,1.1588,3
36085013201,36,085,013201,84.5,2.1416,3
36085013203,36,085,013203,81.1,1.6975,3
36085013204,36,085,013204,81.2,1.7703,3
36085013301,36,085,013301,73.6,3.6542,3
36085013302,36,085,013302,76.6,2.7608,3
36085013400,36,085,013400,78.9,1.3192,3
36085013800,36,085,013800,84.8,2.0022,3
36085014100,36,085,014100,79.7,1.8007,3
36085014604,36,085,014604,79.6,1.5269,3
36085014605,36,085,014605,81.7,1.8134,3
36085014606,36,085,014606,80.7,1.5745,3
36085014607,36,085,014607,80.5,1.4726,3
36085014608,36,085,014608,85.1,2.8509,3
36085014700,36,085,014700,79.9,1.5362,3
36085015100,36,085,015100,82.3,1.9555,3
36085015601,36,085,015601,85.2,2.2583,3
36085015602,36,085,015602,81.1,1.2826,3
36085015603,36,085,015603,77.8,1.2007,3
36085016901,36,085,016901,84.1,3.1386,3
36085017005,36,085,017005,81.1,1.5081,3
36085017007,36,085,017007,80,1.9192,3
36085017008,36,085,017008,81.5,1.3986,3
36085017009,36,085,017009,79.3,1.3936,3
36085017010,36,085,017010,80.9,1.7237,3
36085017011,36,085,017011,83.3,2.564,3
36085017012,36,085,017012,83.3,2.0077,3
36085017300,36,085,017300,80.7,2.6629,3
36085017600,36,085,017600,80.1,0.9894,3
36085018100,36,085,018100,77.2,1.2294,3
36085018701,36,085,018701,79.9,2.296,3
36085018702,36,085,018702,78.5,0.8706,3
36085018901,36,085,018901,81.9,1.7021,3
36085018902,36,085,018902,83.4,1.6791,3
36085019700,36,085,019700,81.7,2.4901,3
36085019800,36,085,019800,81,2.1366,3
36085020100,36,085,020100,77,1.2993,3
36085020700,36,085,020700,75,1.7774,3
36085020801,36,085,020801,80.1,1.2507,3
36085020803,36,085,020803,77.1,1.0817,3
36085020804,36,085,020804,80.1,0.9576,3
36085021300,36,085,021300,75.8,1.8933,1
36085022300,36,085,022300,76.3,2.3311,3
36085022600,36,085,022600,79.8,1.6586,3
36085023100,36,085,023100,75.8,1.9563,3
36085023900,36,085,023900,74,1.9967,3
36085024401,36,085,024401,81.3,1.9882,3
36085024402,36,085,024402,82.2,2.0334,3
36085024700,36,085,024700,78.8,1.6736,3
36085024800,36,085,024800,77.6,0.8688,3
36085025100,36,085,025100,79.9,1.4801,3
36085027301,36,085,027301,81,2.8544,3
36085027302,36,085,027302,83.3,2.8165,3
36085027702,36,085,027702,82.1,1.9119,3
36085027704,36,085,027704,86.9,3.1648,3
36085027705,36,085,027705,81.6,1.4843,3
36085027706,36,085,027706,83.3,2.5674,3
36085027900,36,085,027900,78.8,1.4327,3
36085029102,36,085,029102,80.1,2.0345,3
36085029103,36,085,029103,82.5,1.7176,3
36085029104,36,085,029104,80.1,1.258,3
36085030301,36,085,030301,84,2.9582,3
36085030302,36,085,030302,79.5,1.62,3
36085031901,36,085,031901,76.8,1.5945,2
36085031902,36,085,031902,75.8,1.3153,3
36085032300,36,085,032300,78.9,3.3524,2

